,Date,Tm,Home_Away,Opp,R,RA,W-L,Rank,GB,D/N,Streak,Wins,Losses,DoubleHeader
1,20120405,13,1,22,5.0,3.0,0,1.0,0,0,0,0,0,0
2,20120406,13,1,22,6.0,0.0,1.0,1.0,-0.5,1,1,1,0,0
3,20120407,13,1,22,6.0,5.0,2.0,1.0,-0.5,1,2,2,0,0
4,20120408,13,1,22,4.0,8.0,3.0,1.0,-0.5,0,3,3,0,0
5,20120410,13,0,21,2.0,1.0,3.0,2.0,0.5,0,-1,3,1,0
6,20120411,13,0,21,4.0,1.0,4.0,2.0,0.5,1,1,4,1,0
7,20120412,13,0,21,3.0,2.0,5.0,1.0,-0.5,1,2,5,1,0
8,20120413,13,0,22,9.0,8.0,6.0,1.0,-0.5,1,3,6,1,0
9,20120414,13,0,22,6.0,1.0,7.0,1.0,-1.5,1,4,7,1,0
10,20120415,13,0,22,5.0,4.0,8.0,1.0,-2.5,0,5,8,1,0
11,20120417,13,1,15,4.0,5.0,9.0,1.0,-2.5,1,6,9,1,0
12,20120418,13,1,15,2.0,3.0,4.5,1.0,-2.0,1,-1,9,2,0
13,20120419,13,1,15,4.0,3.0,3.0,1.0,-2.0,0,-2,9,3,0
14,20120420,13,1,10,3.0,1.0,3.3333333333333335,1.0,-3.0,1,1,10,3,0
15,20120421,13,1,10,5.0,1.0,3.6666666666666665,1.0,-3.5,1,2,11,3,0
16,20120422,13,1,10,0.0,12.0,4.0,1.0,-4.5,0,3,12,3,0
17,20120423,13,0,1,7.0,2.0,3.0,1.0,-3.5,1,-1,12,4,0
18,20120424,13,0,1,3.0,4.0,3.25,1.0,-3.5,1,1,13,4,0
19,20120425,13,0,1,2.0,4.0,2.6,1.0,-3.5,1,-1,13,5,0
20,20120427,13,0,29,3.0,2.0,2.1666666666666665,1.0,-3.5,1,-2,13,6,0
21,20120428,13,0,29,4.0,3.0,2.3333333333333335,1.0,-3.5,1,1,14,6,0
22,20120429,13,0,29,2.0,0.0,2.5,1.0,-4.0,0,2,15,6,0
23,20120430,13,1,8,2.0,6.0,2.6666666666666665,1.0,-4.0,1,3,16,6,0
24,20120501,13,1,8,7.0,6.0,2.2857142857142856,1.0,-3.5,1,-1,16,7,0
25,20120502,13,1,8,5.0,8.0,2.4285714285714284,1.0,-4.0,0,1,17,7,0
26,20120504,13,1,4,4.0,5.0,2.125,1.0,-4.0,0,-1,17,8,0
27,20120505,13,1,4,5.0,1.0,1.8888888888888888,1.0,-3.5,0,-2,17,9,0
28,20120506,13,1,4,3.0,4.0,2.0,1.0,-4.5,0,1,18,9,0
29,20120507,13,0,24,9.0,1.0,1.8,1.0,-4.0,1,-1,18,10,0
30,20120508,13,0,24,1.0,2.0,1.9,1.0,-5.0,1,1,19,10,0
31,20120509,13,0,24,6.0,2.0,1.7272727272727273,1.0,-4.0,1,-1,19,11,0
32,20120511,13,0,8,7.0,3.0,1.8181818181818181,1.0,-5.0,1,1,20,11,0
33,20120512,13,0,8,2.0,1.0,1.9090909090909092,1.0,-6.0,1,2,21,11,0
34,20120513,13,0,8,11.0,5.0,2.0,1.0,-6.0,0,3,22,11,0
35,20120514,13,0,0,3.0,1.0,2.090909090909091,1.0,-6.0,1,4,23,11,0
36,20120515,13,0,0,1.0,5.0,2.1818181818181817,1.0,-6.0,1,5,24,11,0
37,20120516,13,1,22,2.0,4.0,2.0,1.0,-6.0,0,-1,24,12,0
38,20120517,13,1,22,8.0,1.0,1.8461538461538463,1.0,-6.0,1,-2,24,13,0
39,20120518,13,0,25,6.0,5.0,1.9230769230769231,1.0,-6.0,1,1,25,13,0
40,20120519,13,0,25,6.0,0.0,2.0,1.0,-6.0,1,2,26,13,0
41,20120520,13,0,25,6.0,5.0,2.076923076923077,1.0,-6.0,1,3,27,13,0
42,20120521,13,1,0,6.0,1.0,2.1538461538461537,1.0,-7.0,1,4,28,13,0
43,20120522,13,1,0,8.0,7.0,2.230769230769231,1.0,-7.0,1,5,29,13,0
44,20120523,13,1,0,4.0,11.0,2.3076923076923075,1.0,-7.0,1,6,30,13,0
45,20120525,13,0,10,1.0,3.0,2.142857142857143,1.0,-7.0,1,-1,30,14,0
46,20120526,13,0,10,6.0,3.0,2.0,1.0,-6.5,1,-2,30,15,0
47,20120527,13,0,10,5.0,1.0,2.066666666666667,1.0,-7.5,0,1,31,15,0
48,20120528,13,0,15,2.0,3.0,2.1333333333333333,1.0,-7.5,1,2,32,15,0
49,20120529,13,0,15,1.0,2.0,2.0,1.0,-6.5,1,-1,32,16,0
50,20120530,13,0,15,3.0,6.0,1.8823529411764706,1.0,-5.5,1,-2,32,17,0
51,20120531,13,0,15,2.0,6.0,1.7777777777777777,1.0,-5.5,1,-3,32,18,0
52,20120601,13,1,8,3.0,13.0,1.6842105263157894,1.0,-5.0,1,-4,32,19,0
53,20120602,13,1,8,6.0,2.0,1.6,1.0,-4.0,0,-5,32,20,0
54,20120603,13,1,8,2.0,3.0,1.65,1.0,-4.0,0,1,33,20,0
55,20120604,13,1,20,4.0,3.0,1.5714285714285714,1.0,-3.0,1,-1,33,21,0
56,20120605,13,1,20,2.0,1.0,1.619047619047619,1.0,-3.0,1,1,34,21,0
57,20120606,13,1,20,6.0,5.0,1.6666666666666667,1.0,-4.0,1,2,35,21,0
58,20120607,13,1,20,8.0,3.0,1.7142857142857142,1.0,-4.0,0,3,36,21,0
59,20120608,13,1,23,0.0,1.0,1.7619047619047619,1.0,-4.0,1,4,37,21,0
60,20120609,13,1,23,8.0,3.0,1.6818181818181819,1.0,-4.0,0,-1,37,22,0
61,20120610,13,1,23,8.0,2.0,1.7272727272727273,1.0,-4.0,0,1,38,22,0
62,20120611,13,0,12,2.0,3.0,1.7727272727272727,1.0,-5.0,1,2,39,22,0
63,20120612,13,0,12,5.0,2.0,1.6956521739130435,1.0,-4.5,1,-1,39,23,0
64,20120613,13,0,12,1.0,2.0,1.7391304347826086,1.0,-4.5,1,1,40,23,0
65,20120615,13,0,5,7.0,6.0,1.6666666666666667,1.0,-3.5,1,-1,40,24,0
66,20120616,13,0,5,4.0,5.0,1.7083333333333333,1.0,-4.0,1,1,41,24,0
67,20120617,13,0,5,2.0,1.0,1.64,1.0,-4.0,0,-1,41,25,0
68,20120619,13,1,19,0.0,3.0,1.68,1.0,-5.0,1,1,42,25,0
69,20120620,13,1,19,1.0,4.0,1.6153846153846154,1.0,-4.5,1,-1,42,26,0
70,20120621,13,1,19,1.0,4.0,1.5555555555555556,1.0,-4.5,0,-2,42,27,0
71,20120622,13,1,12,5.0,8.0,1.5,1.0,-4.0,1,-3,42,28,0
72,20120623,13,1,12,3.0,1.0,1.4482758620689655,1.0,-3.0,0,-4,42,29,0
73,20120624,13,1,12,3.0,5.0,1.4827586206896552,1.0,-3.0,0,1,43,29,0
74,20120625,13,1,24,0.0,8.0,1.4333333333333333,1.0,-3.0,1,-1,43,30,0
75,20120626,13,1,24,0.0,2.0,1.3870967741935485,1.0,-2.0,1,-2,43,31,0
76,20120627,13,1,24,0.0,3.0,1.34375,1.0,-1.0,0,-3,43,32,0
77,20120628,13,0,17,2.0,3.0,1.303030303030303,1.0,0,1,-4,43,33,0
78,20120629,13,0,17,0.0,9.0,1.2647058823529411,2.0,1.0,1,-5,43,34,0
79,20120630,13,0,17,0.0,5.0,1.2285714285714286,2.0,1.0,0,-6,43,35,0
80,20120701,13,0,17,8.0,3.0,1.1944444444444444,2.0,1.0,1,-7,43,36,0
81,20120702,13,0,6,2.0,8.0,1.2222222222222223,2.0,1.0,1,1,44,36,0
82,20120703,13,0,6,3.0,1.0,1.1891891891891893,2.0,1.5,1,-1,44,37,0
83,20120704,13,0,6,4.0,1.0,1.2162162162162162,2.0,0.5,1,1,45,37,0
84,20120705,13,1,0,4.0,1.0,1.2432432432432432,1.0,-0.5,1,2,46,37,0
85,20120706,13,1,0,3.0,5.0,1.2702702702702702,1.0,-1.5,1,3,47,37,0
86,20120707,13,1,0,3.0,5.0,1.236842105263158,1.0,-0.5,1,-1,47,38,0
87,20120708,13,1,0,1.0,7.0,1.205128205128205,1.0,-0.5,0,-2,47,39,0
88,20120713,13,0,22,2.0,1.0,1.175,1.0,-0.5,1,-3,47,40,0
89,20120714,13,0,22,6.0,7.0,1.2,1.0,-0.5,1,1,48,40,0
90,20120715,13,0,22,2.0,7.0,1.170731707317073,2.0,0.5,0,-1,48,41,0
91,20120716,13,0,20,2.0,3.0,1.1428571428571428,2.0,1.5,1,-2,48,42,0
92,20120717,13,0,20,2.0,3.0,1.1162790697674418,2.0,2.0,1,-3,48,43,0
93,20120718,13,0,20,5.0,3.0,1.0909090909090908,2.0,3.0,0,-4,48,44,0
94,20120720,13,1,17,7.0,6.0,1.1136363636363635,2.0,3.0,1,1,49,44,0
95,20120721,13,1,17,8.0,5.0,1.1363636363636365,2.0,2.5,0,2,50,44,0
96,20120722,13,1,17,8.0,3.0,1.1590909090909092,2.0,2.5,0,3,51,44,0
97,20120723,13,1,25,5.0,3.0,1.1818181818181819,2.0,1.5,1,4,52,44,0
98,20120724,13,1,25,2.0,8.0,1.2045454545454546,2.0,1.5,1,5,53,44,0
99,20120725,13,1,25,2.0,3.0,1.1777777777777778,2.0,2.5,1,-1,53,45,0
100,20120726,13,1,25,4.0,7.0,1.1521739130434783,2.0,2.5,0,-2,53,46,0
101,20120727,13,1,24,5.0,3.0,1.127659574468085,2.0,3.0,1,-3,53,47,0
102,20120728,13,1,24,10.0,0.0,1.148936170212766,2.0,2.0,0,1,54,47,0
103,20120729,13,1,24,4.0,0.0,1.1702127659574468,2.0,1.0,0,2,55,47,0
104,20120730,13,0,0,2.0,7.0,1.1914893617021276,1.0,0,1,3,56,47,0
105,20120731,13,0,0,2.0,8.0,1.1666666666666667,1.0,0,1,-1,56,48,0
106,20120801,13,0,0,0.0,4.0,1.1428571428571428,2.0,1.0,0,-2,56,49,0
107,20120803,13,0,4,6.0,1.0,1.12,2.0,1.0,1,-3,56,50,0
108,20120804,13,0,4,3.0,1.0,1.14,2.0,0.5,1,1,57,50,0
109,20120805,13,0,4,7.0,6.0,1.16,2.0,0.5,0,2,58,50,0
110,20120806,13,0,8,0.0,2.0,1.18,2.0,0.5,1,3,59,50,0
111,20120807,13,0,8,1.0,3.0,1.1568627450980393,2.0,0.5,1,-1,59,51,0
112,20120808,13,0,8,6.0,4.0,1.1346153846153846,2.0,1.5,1,-2,59,52,0
113,20120810,13,1,14,5.0,2.0,1.1538461538461537,2.0,1.5,1,1,60,52,0
114,20120811,13,1,14,3.0,7.0,1.1730769230769231,1.0,0,1,2,61,52,0
115,20120812,13,1,14,5.0,0.0,1.150943396226415,2.0,1.0,0,-1,61,53,0
116,20120813,13,1,21,5.0,4.0,1.169811320754717,2.0,1.0,1,1,62,53,0
117,20120814,13,1,21,11.0,0.0,1.1886792452830188,1.0,0,1,2,63,53,0
118,20120815,13,1,21,9.0,3.0,1.2075471698113207,1.0,0,1,3,64,53,0
119,20120816,13,1,21,6.0,10.0,1.2264150943396226,1.0,-1.0,0,4,65,53,0
120,20120817,13,1,1,3.0,4.0,1.2037037037037037,1.0,-0.5,1,-1,65,54,0
121,20120818,13,1,1,6.0,2.0,1.1818181818181819,2.0,0.5,1,-2,65,55,0
122,20120819,13,1,1,5.0,0.0,1.2,2.0,0.5,0,1,66,55,0
123,20120820,13,0,24,1.0,2.0,1.2181818181818183,1.0,-0.5,1,2,67,55,0
124,20120821,13,0,24,1.0,4.0,1.1964285714285714,2.0,0.5,1,-1,67,56,0
125,20120822,13,0,24,4.0,8.0,1.1754385964912282,2.0,1.5,1,-2,67,57,0
126,20120824,13,0,14,11.0,4.0,1.1551724137931034,2.0,2.5,1,-3,67,58,0
127,20120825,13,0,14,8.0,2.0,1.1724137931034482,2.0,3.0,1,1,68,58,0
128,20120826,13,0,14,2.0,6.0,1.1896551724137931,2.0,2.0,0,2,69,58,0
129,20120827,13,1,8,0.0,10.0,1.1694915254237288,2.0,2.0,1,-1,69,59,0
130,20120828,13,1,8,4.0,8.0,1.15,2.0,2.5,1,-2,69,60,0
131,20120829,13,1,8,10.0,8.0,1.1311475409836065,2.0,3.5,0,-3,69,61,0
132,20120830,13,0,0,0.0,2.0,1.1475409836065573,2.0,3.5,1,1,70,61,0
133,20120831,13,0,0,3.0,4.0,1.1290322580645162,2.0,4.5,1,-1,70,62,0
134,20120901,13,0,0,2.0,1.0,1.1111111111111112,2.0,4.5,1,-2,70,63,0
135,20120902,13,0,0,5.0,4.0,1.126984126984127,2.0,4.5,0,1,71,63,0
136,20120903,13,0,22,4.0,3.0,1.1428571428571428,2.0,4.5,1,2,72,63,0
137,20120904,13,0,22,3.0,6.0,1.1587301587301588,2.0,4.5,1,3,73,63,0
138,20120905,13,0,22,3.0,4.0,1.140625,2.0,4.5,1,-1,73,64,0
139,20120907,13,1,24,2.0,5.0,1.123076923076923,2.0,4.5,1,-2,73,65,0
140,20120908,13,1,24,3.0,2.0,1.106060606060606,2.0,5.5,0,-3,73,66,0
141,20120909,13,1,24,0.0,4.0,1.121212121212121,2.0,4.5,1,1,74,66,0
142,20120911,13,1,0,0.0,1.0,1.1044776119402986,2.0,5.5,1,-1,74,67,0
143,20120912,13,1,0,2.0,3.0,1.088235294117647,2.0,6.0,1,-2,74,68,0
144,20120913,13,0,25,1.0,2.0,1.0724637681159421,2.0,7.0,1,-3,74,69,0
145,20120914,13,0,25,8.0,5.0,1.0571428571428572,2.0,7.5,1,-4,74,70,0
146,20120915,13,0,25,4.0,3.0,1.0714285714285714,2.0,7.5,1,1,75,70,0
147,20120916,13,0,25,2.0,5.0,1.0857142857142856,2.0,7.5,0,2,76,70,0
148,20120919,13,1,29,1.0,3.0,1.0704225352112675,2.0,7.5,0,-1,76,71,1
149,20120919,13,1,29,7.0,6.0,1.0555555555555556,2.0,9.0,1,-2,76,72,1
150,20120920,13,1,29,1.0,4.0,1.0694444444444444,2.0,9.0,1,1,77,72,0
151,20120921,13,1,6,3.0,1.0,1.0547945205479452,2.0,10.0,1,-1,77,73,0
152,20120922,13,1,6,0.0,6.0,1.0684931506849316,2.0,10.0,0,1,78,73,0
153,20120923,13,1,6,5.0,3.0,1.054054054054054,2.0,11.0,1,-1,78,74,0
154,20120925,13,1,22,1.0,2.0,1.0675675675675675,2.0,10.0,1,1,79,74,0
155,20120926,13,1,22,8.0,2.0,1.0533333333333332,2.0,10.0,0,-1,79,75,0
156,20120927,13,1,22,8.0,4.0,1.0666666666666667,2.0,10.0,1,1,80,75,0
157,20120928,13,0,8,8.0,0.0,1.08,2.0,10.0,1,2,81,75,0
158,20120929,13,0,8,3.0,0.0,1.0933333333333333,2.0,10.0,1,3,82,75,0
159,20120930,13,0,8,7.0,1.0,1.1066666666666667,2.0,9.0,0,4,83,75,0
160,20121001,13,0,24,3.0,2.0,1.12,2.0,9.0,1,5,84,75,0
161,20121002,13,0,24,3.0,4.0,1.1333333333333333,2.0,8.0,1,6,85,75,0
162,20121003,13,0,24,5.0,1.0,1.118421052631579,2.0,9.0,0,-1,85,76,0
1,20130401,13,0,24,4.0,0.0,0,1.0,0,0,0,0,0,0
2,20130402,13,0,24,0.0,3.0,1.0,1.0,0,1,1,1,0,0
3,20130403,13,0,24,3.0,5.0,1.0,1.0,0,1,-1,1,1,0
4,20130405,13,0,21,3.0,0.0,0.5,4.0,1.0,1,-2,1,2,0
5,20130406,13,0,21,1.0,0.0,1.0,4.0,1.0,1,1,2,2,0
6,20130407,13,0,21,6.0,2.0,1.5,3.0,1.0,0,2,3,2,0
7,20130409,13,1,22,3.0,9.0,2.0,3.0,1.0,0,3,4,2,0
8,20130410,13,1,22,4.0,3.0,1.3333333333333333,4.0,0.5,1,-1,4,3,0
9,20130411,13,1,22,3.0,2.0,1.6666666666666667,3.0,0.5,1,1,5,3,0
10,20130412,13,1,0,0.0,3.0,2.0,2.0,0.5,1,2,6,3,0
11,20130413,13,1,0,7.0,5.0,1.5,3.0,1.0,1,-1,6,4,0
12,20130414,13,1,0,0.0,1.0,1.75,2.0,0.5,0,1,7,4,0
13,20130415,13,0,22,3.0,6.0,1.4,4.0,1.5,1,-1,7,5,0
14,20130416,13,0,22,2.0,9.0,1.1666666666666667,4.0,2.0,1,-2,7,6,0
15,20130417,13,0,22,2.0,7.0,1.0,4.0,3.0,1,-3,7,7,0
16,20130420,13,1,2,5.0,7.0,0.875,4.0,3.5,0,-4,7,8,1
17,20130420,13,1,2,1.0,6.0,0.7777777777777778,4.0,6.0,1,-5,7,9,1
18,20130421,13,1,2,7.0,4.0,0.7,4.0,6.0,0,-6,7,10,0
19,20130423,13,1,17,7.0,2.0,0.8,4.0,5.0,1,1,8,10,0
20,20130424,13,1,17,3.0,7.0,0.9,4.0,3.5,1,2,9,10,0
21,20130425,13,1,17,3.0,2.0,0.8181818181818182,4.0,4.5,0,-1,9,11,0
22,20130426,13,0,15,7.0,5.0,0.9090909090909091,4.0,3.5,1,1,10,11,0
23,20130427,13,0,15,4.0,6.0,1.0,4.0,3.5,1,2,11,11,0
24,20130428,13,0,15,2.0,0.0,0.9166666666666666,4.0,3.5,0,-1,11,12,0
25,20130429,13,0,8,2.0,12.0,1.0,4.0,2.5,1,1,12,12,0
26,20130430,13,0,8,6.0,2.0,0.9230769230769231,4.0,3.5,1,-1,12,13,0
27,20130501,13,0,8,3.0,7.0,1.0,4.0,2.5,1,1,13,13,0
28,20130503,13,1,24,1.0,2.0,0.9285714285714286,4.0,3.5,1,-1,13,14,0
29,20130504,13,1,24,9.0,10.0,0.8666666666666667,4.0,3.5,1,-2,13,15,0
30,20130505,13,1,24,3.0,4.0,0.8125,4.0,4.5,1,-3,13,16,0
31,20130506,13,0,0,2.0,9.0,0.7647058823529411,4.0,5.5,1,-4,13,17,0
32,20130507,13,0,0,3.0,5.0,0.7222222222222222,5.0,5.5,1,-5,13,18,0
33,20130508,13,0,0,2.0,3.0,0.6842105263157895,5.0,6.0,1,-6,13,19,0
34,20130510,13,0,14,4.0,5.0,0.65,5.0,6.5,1,-7,13,20,0
35,20130511,13,0,14,7.0,1.0,0.6190476190476191,5.0,7.0,1,-8,13,21,0
36,20130512,13,0,14,5.0,3.0,0.6666666666666666,5.0,7.0,0,1,14,21,0
37,20130513,13,0,29,2.0,6.0,0.7142857142857143,5.0,7.0,1,2,15,21,0
38,20130514,13,0,29,2.0,0.0,0.6818181818181818,5.0,7.5,1,-1,15,22,0
39,20130515,13,0,29,3.0,1.0,0.7272727272727273,5.0,6.5,1,1,16,22,0
40,20130517,13,1,1,5.0,8.0,0.7727272727272727,5.0,5.5,1,2,17,22,0
41,20130518,13,1,1,1.0,3.0,0.7391304347826086,5.0,6.0,1,-1,17,23,0
42,20130519,13,1,1,2.0,5.0,0.7083333333333334,5.0,7.0,0,-2,17,24,0
43,20130520,13,1,15,3.0,1.0,0.68,5.0,7.0,1,-3,17,25,0
44,20130521,13,1,15,2.0,5.0,0.72,5.0,7.0,1,1,18,25,0
45,20130522,13,1,15,9.0,2.0,0.6923076923076923,5.0,7.0,0,-1,18,26,0
46,20130524,13,0,25,0.0,7.0,0.7307692307692307,5.0,6.0,1,1,19,26,0
47,20130525,13,0,25,5.0,3.0,0.7037037037037037,5.0,7.0,0,-1,19,27,0
48,20130526,13,0,25,3.0,5.0,0.7407407407407407,5.0,6.0,0,1,20,27,0
49,20130527,13,0,12,8.0,7.0,0.7142857142857143,5.0,7.0,1,-1,20,28,0
50,20130528,13,0,12,3.0,0.0,0.75,5.0,7.5,1,1,21,28,0
51,20130529,13,1,12,3.0,4.0,0.7857142857142857,5.0,7.0,1,2,22,28,0
52,20130530,13,1,12,2.0,3.0,0.7586206896551724,5.0,7.5,1,-1,22,29,0
53,20130531,13,1,8,7.0,5.0,0.7333333333333333,5.0,7.5,1,-2,22,30,0
54,20130601,13,1,8,6.0,7.0,0.7666666666666667,5.0,6.5,0,1,23,30,0
55,20130602,13,1,8,2.0,7.0,0.7419354838709677,5.0,7.5,0,-1,23,31,0
56,20130603,13,0,22,2.0,1.0,0.71875,5.0,8.5,1,-2,23,32,0
57,20130604,13,0,22,9.0,7.0,0.75,5.0,7.5,1,1,24,32,0
58,20130605,13,0,22,2.0,6.0,0.78125,5.0,7.5,1,2,25,32,0
59,20130606,13,0,1,5.0,0.0,0.7575757575757576,5.0,8.5,1,-1,25,33,0
60,20130607,13,0,1,2.0,1.0,0.7878787878787878,5.0,7.5,1,1,26,33,0
61,20130608,13,0,1,1.0,2.0,0.8181818181818182,5.0,7.5,1,2,27,33,0
62,20130609,13,0,1,1.0,8.0,0.7941176470588235,5.0,7.5,0,-1,27,34,0
63,20130610,13,0,0,4.0,5.0,0.7714285714285715,5.0,7.5,1,-2,27,35,0
64,20130611,13,0,0,5.0,3.0,0.75,5.0,8.5,1,-3,27,36,0
65,20130612,13,0,0,6.0,8.0,0.7777777777777778,5.0,7.5,1,1,28,36,0
66,20130614,13,1,21,0.0,3.0,0.7567567567567568,5.0,8.5,1,-1,28,37,0
67,20130615,13,1,21,5.0,3.0,0.7368421052631579,5.0,8.5,0,-2,28,38,0
68,20130616,13,1,21,3.0,6.0,0.7631578947368421,5.0,7.5,0,1,29,38,0
69,20130619,13,1,18,4.0,6.0,0.7435897435897436,5.0,7.5,0,-1,29,39,1
70,20130619,13,1,18,6.0,0.0,0.725,5.0,8.0,1,-2,29,40,1
71,20130620,13,1,22,3.0,6.0,0.75,5.0,8.0,1,1,30,40,0
72,20130621,13,1,22,2.0,5.0,0.7317073170731707,5.0,8.5,1,-1,30,41,0
73,20130622,13,1,22,6.0,1.0,0.7142857142857143,5.0,9.5,0,-2,30,42,0
74,20130623,13,1,22,3.0,1.0,0.7380952380952381,5.0,9.5,0,1,31,42,0
75,20130624,13,0,24,3.0,1.0,0.7619047619047619,5.0,8.5,1,2,32,42,0
76,20130625,13,0,24,6.0,5.0,0.7857142857142857,5.0,8.0,1,3,33,42,0
77,20130626,13,0,24,4.0,2.0,0.8095238095238095,5.0,7.0,1,4,34,42,0
78,20130627,13,0,20,6.0,4.0,0.8333333333333334,5.0,6.0,1,5,35,42,0
79,20130628,13,0,20,1.0,16.0,0.8571428571428571,5.0,6.0,1,6,36,42,0
80,20130629,13,0,20,4.0,3.0,0.8372093023255814,5.0,6.0,1,-1,36,43,0
81,20130630,13,0,20,6.0,1.0,0.8604651162790697,5.0,5.0,0,1,37,43,0
82,20130702,13,1,8,8.0,0.0,0.8837209302325582,5.0,4.0,1,2,38,43,0
83,20130703,13,1,8,10.0,8.0,0.9069767441860465,3.0,2.5,1,3,39,43,0
84,20130704,13,1,8,5.0,9.0,0.9302325581395349,2.0,2.5,1,4,40,43,0
85,20130705,13,1,24,10.0,2.0,0.9090909090909091,3.0,3.5,1,-1,40,44,0
86,20130706,13,1,24,2.0,4.0,0.9318181818181818,2.0,3.5,0,1,41,44,0
87,20130707,13,1,24,4.0,1.0,0.9111111111111111,2.0,4.5,0,-1,41,45,0
88,20130708,13,1,0,6.0,1.0,0.9333333333333333,2.0,4.5,1,1,42,45,0
89,20130709,13,1,0,6.0,1.0,0.9555555555555556,2.0,3.5,1,2,43,45,0
90,20130710,13,1,0,7.0,5.0,0.9777777777777777,2.0,2.5,1,3,44,45,0
91,20130711,13,0,8,6.0,1.0,1.0,2.0,1.5,1,4,45,45,0
92,20130712,13,0,8,0.0,3.0,1.0222222222222221,2.0,1.5,1,5,46,45,0
93,20130713,13,0,8,1.0,0.0,1.0,2.0,2.5,0,-1,46,46,0
94,20130714,13,0,8,1.0,3.0,1.0217391304347827,2.0,2.5,0,1,47,46,0
95,20130719,13,1,29,3.0,2.0,1.0,2.0,2.5,1,-1,47,47,0
96,20130720,13,1,29,3.0,1.0,1.0212765957446808,2.0,1.5,1,1,48,47,0
97,20130721,13,1,29,9.0,2.0,1.0425531914893618,2.0,0.5,0,2,49,47,0
98,20130722,13,1,28,14.0,5.0,1.0638297872340425,2.0,0.5,1,3,50,47,0
99,20130723,13,1,28,10.0,9.0,1.0851063829787233,1.0,-0.5,1,4,51,47,0
100,20130724,13,1,28,8.0,3.0,1.1063829787234043,1.0,-0.5,1,5,52,47,0
101,20130725,13,0,6,2.0,5.0,1.127659574468085,1.0,-1.5,1,6,53,47,0
102,20130726,13,0,6,2.0,1.0,1.1041666666666667,1.0,-0.5,1,-1,53,48,0
103,20130727,13,0,6,4.0,1.0,1.125,1.0,-0.5,1,1,54,48,0
104,20130728,13,0,6,1.0,0.0,1.1458333333333333,1.0,-1.5,0,2,55,48,0
105,20130730,13,0,18,3.0,2.0,1.1666666666666667,1.0,-2.5,1,3,56,48,0
106,20130731,13,0,18,0.0,3.0,1.1875,1.0,-3.5,1,4,57,48,0
107,20130801,13,1,4,6.0,4.0,1.163265306122449,1.0,-2.5,1,-1,57,49,0
108,20130802,13,1,4,6.0,2.0,1.183673469387755,1.0,-3.5,0,1,58,49,0
109,20130803,13,1,4,3.0,0.0,1.2040816326530612,1.0,-3.5,0,2,59,49,0
110,20130804,13,1,4,1.0,0.0,1.2244897959183674,1.0,-4.5,0,3,60,49,0
111,20130805,13,1,25,3.0,2.0,1.2448979591836735,1.0,-5.5,1,4,61,49,0
112,20130806,13,1,25,1.0,5.0,1.2653061224489797,1.0,-6.0,1,5,62,49,0
113,20130807,13,1,25,13.0,4.0,1.24,1.0,-5.0,1,-1,62,50,0
114,20130808,13,1,25,5.0,1.0,1.26,1.0,-5.0,1,1,63,50,0
115,20130809,13,0,26,7.0,6.0,1.28,1.0,-5.5,1,2,64,50,0
116,20130810,13,0,26,5.0,0.0,1.3,1.0,-5.5,0,3,65,50,0
117,20130811,13,0,26,8.0,2.0,1.32,1.0,-6.5,1,4,66,50,0
118,20130812,13,0,17,4.0,2.0,1.34,1.0,-7.5,1,5,67,50,0
119,20130813,13,0,17,4.0,2.0,1.36,1.0,-7.5,1,6,68,50,0
120,20130814,13,0,17,5.0,4.0,1.38,1.0,-7.5,1,7,69,50,0
121,20130816,13,1,20,4.0,0.0,1.4,1.0,-7.5,1,8,70,50,0
122,20130817,13,1,20,5.0,0.0,1.42,1.0,-8.5,1,9,71,50,0
123,20130818,13,1,20,2.0,3.0,1.44,1.0,-8.5,0,10,72,50,0
124,20130819,13,1,14,2.0,6.0,1.411764705882353,1.0,-7.5,1,-1,72,51,0
125,20130820,13,1,14,6.0,4.0,1.3846153846153846,1.0,-7.5,1,-2,72,52,0
126,20130821,13,1,14,4.0,1.0,1.4038461538461537,1.0,-7.5,1,1,73,52,0
127,20130822,13,1,14,6.0,0.0,1.4230769230769231,1.0,-8.5,0,2,74,52,0
128,20130823,13,0,3,2.0,0.0,1.4423076923076923,1.0,-9.5,1,3,75,52,0
129,20130824,13,0,3,2.0,4.0,1.4615384615384615,1.0,-0.5,0,4,76,52,0
130,20130825,13,0,3,1.0,8.0,1.4339622641509433,1.0,-9.5,1,-1,76,53,0
131,20130826,13,0,4,6.0,2.0,1.4074074074074074,1.0,-9.5,1,-2,76,54,0
132,20130827,13,0,4,2.0,3.0,1.4259259259259258,1.0,-9.5,1,1,77,54,0
133,20130828,13,0,4,4.0,0.0,1.4,1.0,-8.5,0,-1,77,55,0
134,20130830,13,0,22,9.0,2.0,1.4181818181818182,1.0,-9.5,1,1,78,55,0
135,20130831,13,0,22,2.0,1.0,1.4363636363636363,1.0,-0.5,1,2,79,55,0
136,20130901,13,0,22,2.0,1.0,1.4545454545454546,1.0,-0.5,0,3,80,55,0
137,20130902,13,1,8,10.0,8.0,1.4727272727272727,1.0,-1.5,0,4,81,55,0
138,20130903,13,1,8,7.0,4.0,1.490909090909091,1.0,-2.5,1,5,82,55,0
139,20130904,13,1,8,5.0,7.0,1.509090909090909,1.0,-3.5,1,6,83,55,0
140,20130906,13,1,6,2.0,3.0,1.4821428571428572,1.0,-2.5,1,-1,83,56,0
141,20130907,13,1,6,3.0,4.0,1.456140350877193,1.0,-2.0,0,-2,83,57,0
142,20130908,13,1,6,2.0,3.0,1.4310344827586208,1.0,-1.0,1,-3,83,58,0
143,20130909,13,0,0,8.0,1.0,1.4067796610169492,1.0,-1.0,1,-4,83,59,0
144,20130910,13,0,0,5.0,3.0,1.423728813559322,1.0,-2.0,1,1,84,59,0
145,20130911,13,0,0,1.0,4.0,1.4406779661016949,1.0,-3.0,1,2,85,59,0
146,20130912,13,0,24,3.0,2.0,1.4166666666666667,1.0,-2.0,1,-1,85,60,0
147,20130913,13,0,24,2.0,4.0,1.4333333333333333,1.0,-2.5,1,1,86,60,0
148,20130914,13,0,24,3.0,19.0,1.4098360655737705,1.0,-2.5,1,-1,86,61,0
149,20130915,13,0,24,3.0,4.0,1.3870967741935485,1.0,-1.5,0,-2,86,62,0
150,20130916,13,1,0,1.0,2.0,1.3650793650793651,1.0,-0.5,1,-3,86,63,0
151,20130917,13,1,0,9.0,3.0,1.34375,1.0,-9.5,1,-4,86,64,0
152,20130918,13,1,0,4.0,9.0,1.359375,1.0,-0.5,1,1,87,64,0
153,20130919,13,1,0,7.0,6.0,1.3384615384615384,1.0,-9.5,0,-1,87,65,0
154,20130920,13,1,22,0.0,2.0,1.353846153846154,1.0,-0.5,1,1,88,65,0
155,20130921,13,1,22,4.0,0.0,1.3333333333333333,1.0,-0.5,1,-1,88,66,0
156,20130922,13,1,22,1.0,0.0,1.3484848484848484,1.0,-0.5,0,1,89,66,0
157,20130924,13,1,24,2.0,1.0,1.3636363636363635,1.0,-0.5,1,2,90,66,0
158,20130925,13,1,24,4.0,6.0,1.378787878787879,1.0,-1.0,1,3,91,66,0
159,20130926,13,1,24,2.0,3.0,1.3582089552238805,1.0,-1.0,1,-1,91,67,0
160,20130927,13,0,8,11.0,0.0,1.338235294117647,1.0,-1.0,1,-2,91,68,0
161,20130928,13,0,8,0.0,1.0,1.3529411764705883,1.0,-2.0,1,1,92,68,0
162,20130929,13,0,8,1.0,2.0,1.3333333333333333,1.0,-2.0,0,-1,92,69,0
1,20140322,13,1,0,3.0,1.0,0,1.0,0,1,0,0,0,0
2,20140323,13,1,0,7.0,5.0,1.0,1.0,-0.5,0,1,1,0,0
3,20140330,13,1,22,1.0,3.0,2.0,1.0,-1.0,1,2,2,0,0
4,20140401,13,1,22,3.0,2.0,2.0,1.0,0,0,-1,2,1,0
5,20140402,13,1,22,5.0,1.0,3.0,1.0,-1.0,1,1,3,1,0
6,20140404,13,0,24,4.0,8.0,4.0,1.0,-1.0,0,2,4,1,0
7,20140405,13,0,24,2.0,7.0,2.0,2.0,0.5,0,-1,4,2,0
8,20140406,13,0,24,6.0,2.0,1.3333333333333333,2.0,1.5,1,-2,4,3,0
9,20140408,13,0,9,3.0,2.0,1.6666666666666667,2.0,0.5,1,1,5,3,0
10,20140409,13,0,9,6.0,7.0,2.0,2.0,0.5,1,2,6,3,0
11,20140411,13,1,0,6.0,0.0,1.5,2.0,0.5,1,-1,6,4,0
12,20140412,13,1,0,8.0,5.0,1.75,1.0,0,1,1,7,4,0
13,20140413,13,1,0,8.0,6.0,2.0,1.0,-1.0,0,2,8,4,0
14,20140415,13,1,24,2.0,3.0,2.25,1.0,-1.0,1,3,9,4,0
15,20140416,13,1,24,1.0,2.0,1.8,1.0,0,1,-1,9,5,0
16,20140417,13,1,24,2.0,1.0,1.5,2.0,1.0,0,-2,9,6,0
17,20140418,13,0,0,2.0,4.0,1.6666666666666667,1.0,0,1,1,10,6,0
18,20140419,13,0,0,8.0,6.0,1.4285714285714286,1.0,0,1,-1,10,7,0
19,20140420,13,0,0,4.0,1.0,1.5714285714285714,1.0,-1.0,0,1,11,7,0
20,20140421,13,0,20,0.0,7.0,1.7142857142857142,1.0,-1.0,1,2,12,7,0
21,20140422,13,0,20,2.0,3.0,1.5,1.0,-1.0,1,-1,12,8,0
22,20140423,13,0,20,5.0,2.0,1.3333333333333333,1.0,-0.5,1,-2,12,9,0
23,20140424,13,0,20,3.0,7.0,1.4444444444444444,1.0,-1.0,1,1,13,9,0
24,20140425,13,0,8,4.0,5.0,1.3,1.0,-0.5,1,-1,13,10,0
25,20140426,13,0,8,6.0,3.0,1.1818181818181819,2.0,0.5,1,-2,13,11,0
26,20140427,13,0,8,1.0,6.0,1.2727272727272727,2.0,0.5,0,1,14,11,0
27,20140430,13,1,16,6.0,4.0,1.1666666666666667,2.0,1.5,1,-1,14,12,0
28,20140501,13,1,16,9.0,4.0,1.25,2.0,1.5,0,1,15,12,1
29,20140501,13,1,16,4.0,3.0,1.3333333333333333,2.0,0.5,1,2,16,12,1
30,20140502,13,1,14,3.0,6.0,1.4166666666666667,2.0,0.5,1,3,17,12,0
31,20140503,13,1,14,9.0,7.0,1.3076923076923077,3.0,1.5,1,-1,17,13,0
32,20140504,13,1,14,4.0,5.0,1.3846153846153846,3.0,1.5,0,1,18,13,0
33,20140505,13,1,29,0.0,4.0,1.2857142857142858,3.0,2.5,1,-1,18,14,0
34,20140506,13,1,29,8.0,3.0,1.2,3.0,3.5,1,-2,18,15,0
35,20140507,13,1,29,2.0,3.0,1.2666666666666666,3.0,2.5,0,1,19,15,0
36,20140508,13,0,24,1.0,3.0,1.1875,3.0,2.5,1,-1,19,16,0
37,20140509,13,0,24,1.0,3.0,1.1176470588235294,3.0,3.5,1,-2,19,17,0
38,20140510,13,0,24,6.0,2.0,1.0555555555555556,3.0,4.5,0,-3,19,18,0
39,20140511,13,0,24,4.0,7.0,1.1111111111111112,3.0,3.5,0,1,20,18,0
40,20140512,13,0,14,6.0,5.0,1.0526315789473684,3.0,4.5,1,-1,20,19,0
41,20140513,13,0,14,7.0,1.0,1.105263157894737,3.0,4.5,1,1,21,19,0
42,20140514,13,0,14,3.0,13.0,1.1578947368421053,3.0,3.5,1,2,22,19,0
43,20140516,13,1,0,7.0,0.0,1.1,3.0,4.5,1,-1,22,20,0
44,20140517,13,1,0,7.0,18.0,1.15,3.0,4.0,1,1,23,20,0
45,20140518,13,1,0,3.0,5.0,1.0952380952380953,3.0,4.0,0,-1,23,21,0
46,20140520,13,1,17,9.0,4.0,1.0454545454545454,3.0,5.0,1,-2,23,22,0
47,20140521,13,1,17,4.0,3.0,1.0909090909090908,3.0,4.0,1,1,24,22,0
48,20140522,13,1,17,3.0,5.0,1.1363636363636365,3.0,4.0,1,2,25,22,0
49,20140523,13,1,20,2.0,0.0,1.0869565217391304,3.0,5.0,1,-1,25,23,0
50,20140524,13,1,20,3.0,5.0,1.1304347826086956,2.0,5.0,0,1,26,23,0
51,20140525,13,1,20,6.0,0.0,1.0833333333333333,3.0,6.0,0,-1,26,24,0
52,20140526,13,0,6,4.0,3.0,1.125,2.0,6.0,1,1,27,24,0
53,20140527,13,0,6,6.0,3.0,1.1666666666666667,2.0,5.0,1,2,28,24,0
54,20140528,13,0,6,2.0,3.0,1.2083333333333333,2.0,5.0,1,3,29,24,0
55,20140529,13,0,21,3.0,6.0,1.16,2.0,6.0,1,-1,29,25,0
56,20140530,13,0,21,1.0,2.0,1.1153846153846154,2.0,7.0,1,-2,29,26,0
57,20140531,13,0,21,12.0,2.0,1.0740740740740742,2.0,8.0,0,-3,29,27,0
58,20140601,13,0,21,3.0,5.0,1.1111111111111112,2.0,7.0,1,1,30,27,0
59,20140602,13,0,5,5.0,2.0,1.0714285714285714,2.0,8.0,1,-1,30,28,0
60,20140603,13,0,5,1.0,4.0,1.1071428571428572,2.0,7.5,1,1,31,28,0
61,20140604,13,0,5,1.0,2.0,1.0689655172413792,2.0,7.5,1,-1,31,29,0
62,20140606,13,1,8,7.0,2.0,1.0333333333333334,2.0,8.5,1,-2,31,30,0
63,20140607,13,1,8,4.0,5.0,1.0666666666666667,2.0,9.0,0,1,32,30,0
64,20140608,13,1,8,6.0,1.0,1.032258064516129,2.0,10.0,0,-1,32,31,0
65,20140609,13,1,6,6.0,2.0,1.064516129032258,2.0,10.0,1,1,33,31,0
66,20140610,13,1,6,6.0,1.0,1.096774193548387,2.0,9.0,1,2,34,31,0
67,20140611,13,1,6,0.0,5.0,1.1290322580645162,2.0,8.0,1,3,35,31,0
68,20140612,13,1,6,1.0,4.0,1.09375,2.0,8.0,0,-1,35,32,0
69,20140613,13,0,0,4.0,3.0,1.0606060606060606,2.0,9.0,1,-2,35,33,0
70,20140614,13,0,0,6.0,4.0,1.0909090909090908,2.0,8.0,1,1,36,33,0
71,20140615,13,0,0,3.0,6.0,1.121212121212121,2.0,7.0,0,2,37,33,0
72,20140616,13,0,8,6.0,1.0,1.088235294117647,2.0,7.0,1,-1,37,34,0
73,20140617,13,0,8,4.0,2.0,1.1176470588235294,2.0,6.5,1,1,38,34,0
74,20140618,13,0,8,8.0,0.0,1.1470588235294117,2.0,5.5,1,2,39,34,0
75,20140620,13,1,22,5.0,6.0,1.1764705882352942,2.0,4.5,1,3,40,34,0
76,20140621,13,1,22,4.0,2.0,1.1428571428571428,2.0,4.5,1,-1,40,35,0
77,20140622,13,1,22,2.0,1.0,1.1714285714285715,2.0,4.5,0,1,41,35,0
78,20140623,13,1,11,3.0,5.0,1.2,2.0,4.5,1,2,42,35,0
79,20140624,13,1,11,2.0,0.0,1.1666666666666667,2.0,4.5,1,-1,42,36,0
80,20140625,13,1,11,5.0,4.0,1.1944444444444444,2.0,3.5,1,1,43,36,0
81,20140626,13,0,25,1.0,0.0,1.2222222222222223,2.0,3.5,1,2,44,36,0
82,20140627,13,0,25,1.0,3.0,1.25,2.0,2.5,1,3,45,36,0
83,20140628,13,0,25,9.0,1.0,1.2162162162162162,2.0,2.5,0,-1,45,37,0
84,20140629,13,0,25,6.0,0.0,1.2432432432432432,2.0,1.5,0,1,46,37,0
85,20140630,13,0,7,1.0,0.0,1.2702702702702702,2.0,0.5,1,2,47,37,0
86,20140701,13,0,7,3.0,10.0,1.2972972972972974,1.0,0,1,3,48,37,0
87,20140702,13,0,7,4.0,5.0,1.263157894736842,2.0,1.0,0,-1,48,38,0
88,20140703,13,1,8,3.0,2.0,1.2307692307692308,2.0,1.0,1,-2,48,39,0
89,20140704,13,1,8,9.0,0.0,1.2564102564102564,1.0,0,1,1,49,39,0
90,20140705,13,1,8,7.0,8.0,1.2820512820512822,1.0,-1.0,0,2,50,39,0
91,20140706,13,1,8,8.0,2.0,1.25,1.0,0,0,-1,50,40,0
92,20140708,13,1,9,5.0,14.0,1.275,1.0,0,1,1,51,40,0
93,20140709,13,1,9,1.0,4.0,1.2439024390243902,1.0,-0.5,0,-1,51,41,0
94,20140710,13,0,22,2.0,1.0,1.2142857142857142,2.0,0.5,1,-2,51,42,0
95,20140711,13,0,22,3.0,6.0,1.2380952380952381,1.0,-0.5,1,1,52,42,0
96,20140712,13,0,22,1.0,0.0,1.2093023255813953,2.0,0.5,1,-1,52,43,0
97,20140713,13,0,22,1.0,0.0,1.2325581395348837,1.0,-0.5,0,1,53,43,0
98,20140718,13,1,25,2.0,3.0,1.255813953488372,1.0,-0.5,1,2,54,43,0
99,20140719,13,1,25,2.0,4.0,1.2272727272727273,2.0,0.5,0,-1,54,44,0
100,20140720,13,1,25,4.0,3.0,1.2,2.0,1.5,1,-2,54,45,0
101,20140721,13,1,21,5.0,2.0,1.2222222222222223,2.0,0.5,1,1,55,45,0
102,20140722,13,1,21,7.0,12.0,1.2444444444444445,2.0,0.5,1,2,56,45,0
103,20140723,13,1,21,1.0,6.0,1.2173913043478262,2.0,1.5,1,-1,56,46,0
104,20140725,13,1,24,8.0,1.0,1.1914893617021276,2.0,2.5,1,-2,56,47,0
105,20140726,13,1,24,5.0,0.0,1.2127659574468086,2.0,1.0,1,1,57,47,0
106,20140727,13,1,24,4.0,3.0,1.2340425531914894,1.0,0,1,2,58,47,0
107,20140729,13,0,1,8.0,4.0,1.2553191489361701,1.0,-1.0,1,3,59,47,0
108,20140730,13,0,1,3.0,2.0,1.2765957446808511,1.0,-2.5,1,4,60,47,0
109,20140731,13,0,1,2.0,1.0,1.297872340425532,1.0,-2.5,1,5,61,47,0
110,20140801,13,0,4,2.0,8.0,1.3191489361702127,1.0,-3.0,1,6,62,47,0
111,20140802,13,0,4,5.0,2.0,1.2916666666666667,1.0,-2.0,1,-1,62,48,0
112,20140803,13,0,4,3.0,7.0,1.3125,1.0,-3.0,0,1,63,48,0
113,20140804,13,0,12,0.0,5.0,1.2857142857142858,1.0,-2.0,1,-1,63,49,0
114,20140805,13,0,12,5.0,4.0,1.26,1.0,-1.0,1,-2,63,50,0
115,20140806,13,1,12,2.0,1.0,1.28,1.0,-2.0,1,1,64,50,0
116,20140807,13,1,12,7.0,0.0,1.3,1.0,-2.0,1,2,65,50,0
117,20140808,13,1,15,3.0,9.0,1.32,1.0,-3.0,1,3,66,50,0
118,20140809,13,1,15,1.0,4.0,1.2941176470588236,1.0,-3.0,1,-1,66,51,0
119,20140810,13,1,15,5.0,1.0,1.2692307692307692,1.0,-3.0,0,-2,66,52,0
120,20140811,13,1,1,6.0,2.0,1.2884615384615385,1.0,-4.0,1,1,67,52,0
121,20140812,13,1,1,4.0,2.0,1.3076923076923077,1.0,-4.5,1,2,68,52,0
122,20140813,13,1,1,2.0,3.0,1.3269230769230769,1.0,-5.5,1,3,69,52,0
123,20140814,13,1,1,6.0,4.0,1.3018867924528301,1.0,-4.5,0,-1,69,53,0
124,20140815,13,0,15,3.0,6.0,1.320754716981132,1.0,-5.0,1,1,70,53,0
125,20140816,13,0,15,2.0,3.0,1.2962962962962963,1.0,-5.0,1,-1,70,54,0
126,20140817,13,0,15,2.0,7.0,1.2727272727272727,1.0,-4.0,0,-2,70,55,0
127,20140819,13,0,22,8.0,6.0,1.25,1.0,-3.0,1,-3,70,56,0
128,20140820,13,0,22,1.0,4.0,1.2678571428571428,1.0,-4.0,1,1,71,56,0
129,20140821,13,0,22,2.0,1.0,1.2456140350877194,1.0,-3.0,1,-1,71,57,0
130,20140822,13,0,17,6.0,2.0,1.263157894736842,1.0,-3.0,1,1,72,57,0
131,20140823,13,0,17,7.0,4.0,1.280701754385965,1.0,-3.0,1,2,73,57,0
132,20140824,13,0,17,3.0,11.0,1.2982456140350878,1.0,-4.0,0,3,74,57,0
133,20140826,13,1,0,9.0,5.0,1.2758620689655173,1.0,-4.0,1,-1,74,58,0
134,20140827,13,1,0,3.0,1.0,1.293103448275862,1.0,-4.5,1,1,75,58,0
135,20140829,13,1,22,2.0,3.0,1.3103448275862069,1.0,-4.5,1,2,76,58,0
136,20140830,13,1,22,1.0,2.0,1.2881355932203389,1.0,-3.0,1,-1,76,59,0
137,20140831,13,1,22,7.0,1.0,1.2666666666666666,1.0,-2.0,0,-2,76,60,0
138,20140901,13,0,29,4.0,6.0,1.2833333333333334,1.0,-2.0,1,1,77,60,0
139,20140902,13,0,29,4.0,1.0,1.2622950819672132,1.0,-2.0,1,-1,77,61,0
140,20140903,13,0,29,5.0,8.0,1.278688524590164,1.0,-2.0,0,1,78,61,0
141,20140905,13,0,0,2.0,1.0,1.2580645161290323,1.0,-2.0,1,-1,78,62,0
142,20140906,13,0,0,5.0,2.0,1.2741935483870968,1.0,-2.0,1,1,79,62,0
143,20140907,13,0,0,7.0,2.0,1.2903225806451613,1.0,-2.0,0,2,80,62,0
144,20140908,13,0,22,9.0,4.0,1.3064516129032258,1.0,-3.0,1,3,81,62,0
145,20140909,13,0,22,3.0,6.0,1.3225806451612903,1.0,-3.5,1,4,82,62,0
146,20140910,13,0,22,4.0,0.0,1.3015873015873016,1.0,-2.5,1,-1,82,63,0
147,20140912,13,1,24,0.0,9.0,1.3174603174603174,1.0,-2.5,1,1,83,63,0
148,20140913,13,1,24,17.0,0.0,1.296875,1.0,-1.0,1,-1,83,64,0
149,20140914,13,1,24,4.0,2.0,1.3125,1.0,-2.0,0,1,84,64,0
150,20140915,13,1,8,11.0,3.0,1.328125,1.0,-3.0,1,2,85,64,0
151,20140916,13,1,8,4.0,10.0,1.34375,1.0,-4.0,1,3,86,64,0
152,20140917,13,1,8,2.0,16.0,1.323076923076923,1.0,-3.0,0,-1,86,65,0
153,20140918,13,1,4,8.0,4.0,1.303030303030303,1.0,-2.0,1,-2,86,66,0
154,20140919,13,1,4,14.0,5.0,1.3181818181818181,1.0,-2.5,0,1,87,66,0
155,20140920,13,1,4,7.0,8.0,1.3333333333333333,1.0,-3.5,0,2,88,66,0
156,20140921,13,1,4,8.0,5.0,1.3134328358208955,1.0,-3.5,0,-1,88,67,0
157,20140922,13,0,24,2.0,5.0,1.328358208955224,1.0,-4.5,1,1,89,67,0
158,20140923,13,0,24,4.0,2.0,1.3088235294117647,1.0,-3.5,1,-1,89,68,0
159,20140924,13,0,24,9.0,1.0,1.3235294117647058,1.0,-4.5,1,1,90,68,0
160,20140926,13,0,8,7.0,4.0,1.338235294117647,1.0,-5.5,1,2,91,68,0
161,20140927,13,0,8,6.0,5.0,1.3529411764705883,1.0,-6.0,1,3,92,68,0
162,20140928,13,0,8,10.0,5.0,1.3676470588235294,1.0,-6.0,0,4,93,68,0
1,20150406,13,0,22,6.0,3.0,0,1.0,0,0,0,0,0,0
2,20150407,13,0,22,3.0,7.0,1.0,1.0,0,1,1,1,0,0
3,20150408,13,0,22,7.0,4.0,1.0,2.0,1.0,1,-1,1,1,0
4,20150410,13,1,0,3.0,4.0,2.0,2.0,1.0,1,1,2,1,0
5,20150411,13,1,0,0.0,6.0,1.0,3.0,2.0,1,-1,2,2,0
6,20150412,13,1,0,7.0,4.0,0.6666666666666666,5.0,2.0,0,-2,2,3,0
7,20150413,13,0,23,6.0,5.0,1.0,3.0,1.0,1,1,3,3,0
8,20150414,13,0,23,6.0,5.0,1.3333333333333333,2.0,1.0,1,2,4,3,0
9,20150415,13,0,23,5.0,2.0,1.6666666666666667,2.0,1.0,1,3,5,3,0
10,20150417,13,0,8,7.0,3.0,2.0,2.0,1.0,1,4,6,3,0
11,20150418,13,0,8,6.0,3.0,2.3333333333333335,1.0,0,1,5,7,3,0
12,20150419,13,0,8,7.0,0.0,2.6666666666666665,1.0,-1.0,0,6,8,3,0
13,20150421,13,1,24,2.0,6.0,3.0,1.0,-1.5,1,7,9,3,0
14,20150422,13,1,24,2.0,3.0,2.25,1.0,0,1,-1,9,4,0
15,20150423,13,1,24,2.0,3.0,1.8,1.0,0,0,-2,9,5,0
16,20150424,13,1,22,3.0,0.0,1.5,1.0,0,1,-3,9,6,0
17,20150425,13,1,22,11.0,8.0,1.6666666666666667,1.0,-0.5,1,1,10,6,0
18,20150426,13,1,22,1.0,3.0,1.8333333333333333,1.0,-1.5,0,2,11,6,0
19,20150427,13,0,24,8.0,3.0,1.5714285714285714,1.0,-1.0,1,-1,11,7,0
20,20150428,13,0,24,1.0,2.0,1.7142857142857142,1.0,-1.0,1,1,12,7,0
21,20150429,13,0,24,7.0,3.0,1.5,1.0,-1.0,1,-1,12,8,0
22,20150501,13,0,0,8.0,0.0,1.625,1.0,-2.0,1,1,13,8,0
23,20150502,13,0,0,6.0,4.0,1.75,1.0,-3.0,1,2,14,8,0
24,20150503,13,0,0,1.0,0.0,1.875,1.0,-3.0,0,3,15,8,0
25,20150504,13,1,15,3.0,4.0,2.0,1.0,-3.0,1,4,16,8,0
26,20150505,13,1,15,8.0,2.0,1.7777777777777777,1.0,-3.0,1,-1,16,9,0
27,20150506,13,1,15,3.0,6.0,1.8888888888888888,1.0,-3.5,1,1,17,9,0
28,20150507,13,1,15,14.0,4.0,1.7,1.0,-3.0,0,-1,17,10,0
29,20150508,13,1,8,2.0,1.0,1.8,1.0,-4.0,1,1,18,10,0
30,20150510,13,1,8,9.0,5.0,1.9,1.0,-4.0,0,2,19,10,0
31,20150511,13,0,14,5.0,3.0,2.0,1.0,-4.5,1,3,20,10,0
32,20150512,13,0,14,11.0,1.0,2.1,1.0,-5.0,1,4,21,10,0
33,20150513,13,0,14,4.0,5.0,2.2,1.0,-5.5,0,5,22,10,0
34,20150514,13,0,8,4.0,5.0,2.0,1.0,-5.0,1,-1,22,11,0
35,20150515,13,0,8,6.0,4.0,1.8333333333333333,1.0,-4.0,1,-2,22,12,0
36,20150516,13,0,8,1.0,7.0,1.9166666666666667,1.0,-5.0,1,1,23,12,0
37,20150517,13,0,8,1.0,0.0,1.7692307692307692,1.0,-4.5,0,-1,23,13,0
38,20150519,13,1,24,0.0,2.0,1.8461538461538463,1.0,-4.5,1,1,24,13,0
39,20150520,13,1,24,0.0,4.0,1.7142857142857142,1.0,-3.5,1,-1,24,14,0
40,20150521,13,1,24,0.0,4.0,1.6,1.0,-2.5,0,-2,24,15,0
41,20150522,13,0,22,2.0,1.0,1.5,1.0,-1.5,1,-3,24,16,0
42,20150523,13,0,22,2.0,0.0,1.5625,1.0,-1.5,1,1,25,16,0
43,20150524,13,0,22,3.0,11.0,1.625,1.0,-2.0,0,2,26,16,0
44,20150525,13,0,1,6.0,3.0,1.5294117647058822,1.0,-2.0,1,-1,26,17,0
45,20150526,13,0,1,8.0,0.0,1.588235294117647,1.0,-2.0,1,1,27,17,0
46,20150527,13,0,1,2.0,3.0,1.6470588235294117,1.0,-2.0,1,2,28,17,0
47,20150529,13,1,25,0.0,3.0,1.5555555555555556,1.0,-1.0,1,-1,28,18,0
48,20150530,13,1,25,5.0,1.0,1.4736842105263157,2.0,0.5,1,-2,28,19,0
49,20150531,13,1,25,1.0,3.0,1.5263157894736843,1.0,-0.5,0,1,29,19,0
50,20150601,13,1,8,11.0,4.0,1.45,1.0,-0.5,1,-1,29,20,0
51,20150602,13,1,8,3.0,6.0,1.5,1.0,-1.5,0,1,30,20,1
52,20150602,13,1,8,9.0,8.0,1.4285714285714286,1.0,-2.0,1,-1,30,21,1
53,20150603,13,1,8,6.0,7.0,1.4761904761904763,1.0,-2.0,1,1,31,21,0
54,20150604,13,0,25,1.0,7.0,1.4090909090909092,1.0,-2.0,1,-1,31,22,0
55,20150605,13,0,25,1.0,2.0,1.3478260869565217,1.0,-1.5,1,-2,31,23,0
56,20150606,13,0,25,2.0,0.0,1.2916666666666667,1.0,-0.5,1,-3,31,24,0
57,20150607,13,0,25,2.0,4.0,1.3333333333333333,1.0,-0.5,1,1,32,24,0
58,20150608,13,0,0,9.0,3.0,1.28,1.0,-0.5,1,-1,32,25,0
59,20150609,13,0,0,3.0,1.0,1.32,1.0,-1.0,1,1,33,25,0
60,20150610,13,0,0,7.0,6.0,1.36,1.0,-1.0,1,2,34,25,0
61,20150612,13,1,22,4.0,3.0,1.4,1.0,-1.0,1,3,35,25,0
62,20150613,13,1,22,1.0,2.0,1.44,1.0,-2.5,1,4,36,25,0
63,20150614,13,1,22,4.0,2.0,1.3846153846153846,1.0,-2.5,0,-1,36,26,0
64,20150615,13,1,27,1.0,4.0,1.4230769230769231,1.0,-3.5,1,1,37,26,0
65,20150616,13,1,27,2.0,3.0,1.3703703703703705,1.0,-3.5,1,-1,37,27,0
66,20150617,13,0,27,3.0,5.0,1.3214285714285714,1.0,-2.5,1,-2,37,28,0
67,20150618,13,0,27,1.0,0.0,1.2758620689655173,1.0,-2.5,1,-3,37,29,0
68,20150619,13,0,24,5.0,9.0,1.3103448275862069,1.0,-2.5,1,1,38,29,0
69,20150620,13,0,24,2.0,6.0,1.2666666666666666,1.0,-1.5,0,-1,38,30,0
70,20150621,13,0,24,10.0,2.0,1.2258064516129032,1.0,-0.5,1,-2,38,31,0
71,20150622,13,1,4,2.0,4.0,1.2580645161290323,1.0,-1.5,1,1,39,31,0
72,20150623,13,1,4,0.0,1.0,1.21875,1.0,-1.0,1,-1,39,32,0
73,20150624,13,1,4,5.0,2.0,1.1818181818181819,1.0,-1.0,1,-2,39,33,0
74,20150625,13,1,4,4.0,0.0,1.2121212121212122,1.0,-1.0,0,1,40,33,0
75,20150626,13,1,14,7.0,1.0,1.2424242424242424,1.0,-1.0,1,2,41,33,0
76,20150627,13,1,14,2.0,3.0,1.2727272727272727,1.0,-2.0,0,3,42,33,0
77,20150628,13,1,14,2.0,0.0,1.2352941176470589,1.0,-1.0,0,-1,42,34,0
78,20150629,13,1,0,6.0,10.0,1.2647058823529411,1.0,-1.0,1,1,43,34,0
79,20150630,13,1,0,6.0,4.0,1.2285714285714286,1.0,-0.5,1,-1,43,35,0
80,20150701,13,1,0,4.0,3.0,1.2571428571428571,1.0,-1.5,1,1,44,35,0
81,20150703,13,0,17,1.0,2.0,1.2857142857142858,1.0,-2.5,1,2,45,35,0
82,20150704,13,0,17,4.0,3.0,1.25,1.0,-3.0,0,-1,45,36,0
83,20150705,13,0,17,0.0,8.0,1.2777777777777777,1.0,-4.0,0,1,46,36,0
84,20150706,13,0,20,10.0,7.0,1.2432432432432432,1.0,-4.0,1,-1,46,37,0
85,20150707,13,0,20,2.0,7.0,1.2702702702702702,1.0,-5.0,1,1,47,37,0
86,20150708,13,0,20,5.0,0.0,1.236842105263158,1.0,-4.0,1,-1,47,38,0
87,20150709,13,0,20,6.0,0.0,1.263157894736842,1.0,-5.0,1,1,48,38,0
88,20150710,13,0,15,3.0,2.0,1.2894736842105263,1.0,-5.5,1,2,49,38,0
89,20150711,13,0,15,1.0,7.0,1.3157894736842106,1.0,-5.5,1,3,50,38,0
90,20150712,13,0,15,4.0,3.0,1.2820512820512822,1.0,-4.5,0,-1,50,39,0
91,20150717,13,1,29,3.0,5.0,1.3076923076923077,1.0,-4.5,1,1,51,39,0
92,20150718,13,1,29,4.0,2.0,1.275,1.0,-3.5,0,-1,51,40,0
93,20150719,13,1,29,5.0,0.0,1.3,1.0,-3.5,0,1,52,40,0
94,20150720,13,1,1,5.0,7.0,1.325,1.0,-3.5,1,2,53,40,0
95,20150721,13,1,1,3.0,4.0,1.2926829268292683,1.0,-3.5,1,-1,53,41,0
96,20150722,13,1,1,3.0,1.0,1.2619047619047619,1.0,-2.5,0,-2,53,42,0
97,20150723,13,1,17,3.0,0.0,1.2857142857142858,1.0,-2.5,1,1,54,42,0
98,20150724,13,1,17,7.0,2.0,1.3095238095238095,1.0,-3.0,1,2,55,42,0
99,20150725,13,1,17,2.0,15.0,1.3333333333333333,1.0,-3.0,1,3,56,42,0
100,20150726,13,1,17,2.0,3.0,1.302325581395349,1.0,-2.0,0,-1,56,43,0
101,20150728,13,0,19,0.0,2.0,1.2727272727272727,1.0,-1.0,1,-2,56,44,0
102,20150729,13,0,19,10.0,7.0,1.2444444444444445,1.0,-0.5,1,-3,56,45,0
103,20150731,13,0,12,5.0,3.0,1.2666666666666666,1.0,-0.5,1,1,57,45,0
104,20150801,13,0,12,3.0,1.0,1.288888888888889,1.0,-1.5,0,2,58,45,0
105,20150802,13,0,12,5.0,3.0,1.3111111111111111,1.0,-1.5,0,3,59,45,0
106,20150804,13,1,20,2.0,6.0,1.3333333333333333,1.0,-2.5,1,4,60,45,0
107,20150805,13,1,20,4.0,3.0,1.3043478260869565,1.0,-2.0,1,-1,60,46,0
108,20150806,13,1,20,10.0,8.0,1.326086956521739,1.0,-2.0,0,1,61,46,0
109,20150807,13,1,21,4.0,5.0,1.3478260869565217,1.0,-3.0,1,2,62,46,0
110,20150808,13,1,21,5.0,6.0,1.3191489361702127,1.0,-3.0,0,-1,62,47,0
111,20150809,13,1,21,6.0,13.0,1.2916666666666667,1.0,-3.0,1,-2,62,48,0
112,20150810,13,0,29,3.0,8.0,1.2653061224489797,1.0,-3.0,1,-3,62,49,0
113,20150811,13,0,29,5.0,0.0,1.24,1.0,-2.5,1,-4,62,50,0
114,20150812,13,0,29,3.0,0.0,1.26,1.0,-2.5,1,1,63,50,0
115,20150813,13,0,6,3.0,10.0,1.28,1.0,-3.5,1,2,64,50,0
116,20150814,13,0,6,5.0,3.0,1.2549019607843137,1.0,-2.5,1,-1,64,51,0
117,20150815,13,0,6,8.0,3.0,1.2745098039215685,1.0,-2.5,1,1,65,51,0
118,20150816,13,0,6,2.0,1.0,1.2941176470588236,1.0,-2.5,0,2,66,51,0
119,20150818,13,1,19,4.0,5.0,1.3137254901960784,1.0,-2.5,1,3,67,51,0
120,20150819,13,1,19,2.0,5.0,1.2884615384615385,1.0,-2.0,0,-1,67,52,0
121,20150821,13,1,10,0.0,3.0,1.2641509433962264,1.0,-2.0,1,-2,67,53,0
122,20150822,13,1,10,1.0,3.0,1.2407407407407407,1.0,-1.5,1,-3,67,54,0
123,20150823,13,1,10,2.0,3.0,1.2181818181818183,1.0,-1.5,0,-4,67,55,0
124,20150825,13,1,6,5.0,1.0,1.1964285714285714,1.0,-1.5,1,-5,67,56,0
125,20150826,13,1,6,7.0,4.0,1.2142857142857142,1.0,-2.5,1,1,68,56,0
126,20150827,13,1,6,1.0,0.0,1.2321428571428572,1.0,-2.5,0,2,69,56,0
127,20150828,13,0,4,4.0,1.0,1.25,1.0,-2.5,1,3,70,56,0
128,20150829,13,0,4,5.0,2.0,1.2678571428571428,1.0,-2.5,1,4,71,56,0
129,20150830,13,0,4,0.0,2.0,1.2857142857142858,1.0,-3.5,1,5,72,56,0
130,20150831,13,0,24,5.0,4.0,1.263157894736842,1.0,-3.5,1,-1,72,57,0
131,20150901,13,0,24,2.0,1.0,1.280701754385965,1.0,-4.5,1,1,73,57,0
132,20150902,13,0,24,2.0,1.0,1.2982456140350878,1.0,-5.5,1,2,74,57,0
133,20150903,13,1,22,7.0,10.0,1.3157894736842106,1.0,-6.5,1,3,75,57,0
134,20150904,13,1,22,8.0,4.0,1.293103448275862,1.0,-6.5,1,-1,75,58,0
135,20150905,13,1,22,2.0,0.0,1.3103448275862069,1.0,-7.5,1,1,76,58,0
136,20150906,13,1,22,5.0,1.0,1.3275862068965518,1.0,-7.5,0,2,77,58,0
137,20150907,13,1,12,7.0,5.0,1.3448275862068966,1.0,-7.5,1,3,78,58,0
138,20150908,13,1,12,6.0,4.0,1.3620689655172413,1.0,-8.5,1,4,79,58,0
139,20150909,13,1,12,2.0,3.0,1.3793103448275863,1.0,-8.5,1,5,80,58,0
140,20150911,13,1,0,4.0,12.0,1.3559322033898304,1.0,-8.5,1,-1,80,59,0
141,20150912,13,1,0,9.0,5.0,1.3333333333333333,1.0,-7.5,1,-2,80,60,0
142,20150913,13,1,0,4.0,3.0,1.35,1.0,-7.5,0,1,81,60,0
143,20150914,13,0,8,4.0,1.0,1.3666666666666667,1.0,-7.5,1,2,82,60,0
144,20150915,13,0,8,4.0,5.0,1.3833333333333333,1.0,-7.5,1,3,83,60,0
145,20150916,13,0,8,2.0,0.0,1.360655737704918,1.0,-7.5,1,-1,83,61,0
146,20150918,13,0,21,6.0,2.0,1.3770491803278688,1.0,-7.5,1,1,84,61,0
147,20150919,13,0,21,2.0,3.0,1.3934426229508197,1.0,-8.5,1,2,85,61,0
148,20150920,13,0,21,3.0,4.0,1.3709677419354838,1.0,-8.5,0,-1,85,62,0
149,20150921,13,0,0,4.0,8.0,1.3492063492063493,1.0,-7.5,1,-2,85,63,0
150,20150922,13,0,0,0.0,8.0,1.328125,1.0,-7.0,1,-3,85,64,0
151,20150923,13,0,0,4.0,1.0,1.3076923076923077,1.0,-6.0,1,-4,85,65,0
152,20150924,13,0,0,6.0,3.0,1.323076923076923,1.0,-7.0,0,1,86,65,0
153,20150925,13,1,8,4.0,7.0,1.3384615384615384,1.0,-8.0,1,2,87,65,0
154,20150926,13,1,8,6.0,8.0,1.3181818181818181,1.0,-8.0,1,-1,87,66,0
155,20150927,13,1,8,5.0,12.0,1.2985074626865671,1.0,-7.0,0,-2,87,67,0
156,20150928,13,1,24,2.0,3.0,1.2794117647058822,1.0,-6.0,1,-3,87,68,0
157,20150929,13,1,24,8.0,0.0,1.2608695652173914,1.0,-5.0,1,-4,87,69,0
158,20150930,13,1,24,0.0,5.0,1.2753623188405796,1.0,-6.0,1,1,88,69,0
159,20151001,13,1,24,3.0,2.0,1.2571428571428571,1.0,-5.0,0,-1,88,70,0
160,20151002,13,0,22,6.0,2.0,1.2714285714285714,1.0,-6.0,1,1,89,70,0
161,20151003,13,0,22,2.0,1.0,1.2857142857142858,1.0,-7.0,1,2,90,70,0
162,20151004,13,0,22,6.0,3.0,1.3,1.0,-7.0,0,3,91,70,0
1,20160404,13,1,22,15.0,0.0,0,1.0,0,0,0,0,0,0
2,20160405,13,1,22,3.0,0.0,1.0,1.0,0,1,1,1,0,0
3,20160406,13,1,22,7.0,0.0,2.0,1.0,0,1,2,2,0,0
4,20160407,13,1,24,6.0,12.0,3.0,1.0,-1.0,0,3,3,0,0
5,20160408,13,1,24,2.0,3.0,3.0,1.0,0,1,-1,3,1,0
6,20160409,13,1,24,3.0,2.0,1.5,2.0,1.0,0,-2,3,2,0
7,20160410,13,1,24,6.0,9.0,2.0,1.0,0,0,1,4,2,0
8,20160412,13,0,0,2.0,4.0,1.3333333333333333,2.0,1.0,0,-1,4,3,0
9,20160413,13,0,0,3.0,1.0,1.0,2.0,2.0,1,-2,4,4,0
10,20160414,13,0,0,5.0,2.0,1.25,2.0,1.0,1,1,5,4,0
11,20160415,13,0,24,7.0,3.0,1.5,1.0,0,1,2,6,4,0
12,20160416,13,0,24,3.0,4.0,1.75,1.0,-0.5,1,3,7,4,0
13,20160417,13,0,24,3.0,1.0,1.4,1.0,0,1,-1,7,5,0
14,20160419,13,1,1,1.0,8.0,1.6,1.0,-0.5,1,1,8,5,0
15,20160420,13,1,1,5.0,3.0,1.3333333333333333,1.0,0,1,-1,8,6,0
16,20160421,13,1,1,2.0,1.0,1.5,1.0,-1.0,0,1,9,6,0
17,20160422,13,1,8,5.0,7.0,1.6666666666666667,1.0,-1.5,1,2,10,6,0
18,20160423,13,1,8,4.0,1.0,1.4285714285714286,1.0,-0.5,1,-1,10,7,0
19,20160424,13,1,8,12.0,10.0,1.5714285714285714,1.0,-1.5,0,1,11,7,0
20,20160425,13,0,14,2.0,3.0,1.7142857142857142,1.0,-2.5,1,2,12,7,0
21,20160426,13,0,14,3.0,6.0,1.5,1.0,-1.5,1,-1,12,8,0
22,20160427,13,0,14,0.0,2.0,1.3333333333333333,1.0,-1.5,1,-2,12,9,0
23,20160428,13,0,14,3.0,5.0,1.2,1.0,-0.5,1,-3,12,10,0
24,20160429,13,0,22,1.0,5.0,1.0909090909090908,1.0,0,1,-4,12,11,0
25,20160430,13,0,22,2.0,5.0,1.0,1.0,0,1,-5,12,12,0
26,20160501,13,0,22,1.0,0.0,0.9230769230769231,1.0,0,0,-6,12,13,0
27,20160503,13,1,26,10.0,5.0,1.0,1.0,0,1,1,13,13,0
28,20160504,13,1,26,5.0,8.0,1.0769230769230769,2.0,0.5,1,2,14,13,0
29,20160506,13,1,28,2.0,5.0,1.0,2.0,0.5,1,-1,14,14,0
30,20160507,13,1,28,6.0,2.0,0.9333333333333333,2.0,1.0,0,-2,14,15,0
31,20160508,13,1,28,4.0,2.0,1.0,2.0,1.0,0,1,15,15,0
32,20160509,13,0,17,2.0,4.0,1.0666666666666667,1.0,0,1,2,16,15,0
33,20160510,13,0,17,3.0,2.0,1.0,1.0,0,1,-1,16,16,0
34,20160511,13,0,17,3.0,4.0,1.0625,1.0,-1.0,1,1,17,16,0
35,20160512,13,0,17,5.0,0.0,1.0,1.0,0,1,-1,17,17,0
36,20160513,13,0,25,8.0,4.0,1.0588235294117647,1.0,0,1,1,18,17,0
37,20160514,13,0,25,5.0,3.0,1.1176470588235294,1.0,0,1,2,19,17,0
38,20160515,13,0,25,2.0,5.0,1.1764705882352942,1.0,0,1,3,20,17,0
39,20160516,13,0,12,6.0,7.0,1.1111111111111112,2.0,1.0,1,-1,20,18,0
40,20160517,13,0,12,5.0,1.0,1.0526315789473684,2.0,1.5,1,-2,20,19,0
41,20160518,13,1,12,1.0,8.0,1.105263157894737,2.0,1.5,1,1,21,19,0
42,20160519,13,1,12,4.0,7.0,1.05,2.0,2.5,1,-1,21,20,0
43,20160520,13,1,22,6.0,7.0,1.0,2.0,3.5,1,-2,21,21,0
44,20160521,13,1,22,2.0,3.0,0.9545454545454546,2.0,3.5,1,-3,21,22,0
45,20160522,13,1,22,9.0,5.0,0.9130434782608695,3.0,4.5,0,-4,21,23,0
46,20160523,13,0,6,1.0,0.0,0.9565217391304348,3.0,4.5,1,1,22,23,0
47,20160524,13,0,6,8.0,2.0,1.0,2.0,4.5,1,2,23,23,0
48,20160525,13,0,6,3.0,1.0,1.0434782608695652,2.0,4.5,1,3,24,23,0
49,20160527,13,1,17,5.0,6.0,1.0869565217391304,2.0,4.5,1,4,25,23,0
50,20160528,13,1,17,9.0,1.0,1.0416666666666667,2.0,4.5,1,-1,25,24,0
51,20160529,13,1,17,4.0,2.0,1.0833333333333333,2.0,4.5,1,1,26,24,0
52,20160530,13,1,4,0.0,2.0,1.125,2.0,4.5,0,2,27,24,0
53,20160531,13,1,4,5.0,0.0,1.08,2.0,4.5,1,-1,27,25,0
54,20160601,13,1,4,1.0,2.0,1.12,2.0,4.5,1,1,28,25,0
55,20160602,13,1,4,2.0,7.0,1.0769230769230769,2.0,4.5,0,-1,28,26,0
56,20160603,13,0,1,4.0,2.0,1.037037037037037,2.0,5.5,1,-2,28,27,0
57,20160604,13,0,1,4.0,0.0,1.0740740740740742,2.0,5.5,1,1,29,27,0
58,20160605,13,0,1,12.0,6.0,1.1111111111111112,2.0,4.5,0,2,30,27,0
59,20160606,13,0,8,1.0,6.0,1.1481481481481481,2.0,3.5,1,3,31,27,0
60,20160607,13,0,8,4.0,3.0,1.1071428571428572,2.0,4.0,1,-1,31,28,0
61,20160608,13,0,8,0.0,1.0,1.1428571428571428,2.0,3.0,1,1,32,28,0
62,20160610,13,1,24,3.0,2.0,1.103448275862069,2.0,4.0,1,-1,32,29,0
63,20160611,13,1,24,4.0,5.0,1.1379310344827587,2.0,3.0,0,1,33,29,0
64,20160612,13,1,24,1.0,2.0,1.1,2.0,4.0,1,-1,33,30,0
65,20160613,13,1,0,2.0,3.0,1.064516129032258,2.0,5.0,1,-2,33,31,0
66,20160614,13,1,0,7.0,4.0,1.03125,2.0,6.0,1,-3,33,32,0
67,20160615,13,1,0,3.0,2.0,1.0625,2.0,6.0,0,1,34,32,0
68,20160616,13,0,15,6.0,8.0,1.09375,2.0,6.0,1,2,35,32,0
69,20160617,13,0,15,3.0,2.0,1.0606060606060606,2.0,6.5,1,-1,35,33,0
70,20160618,13,0,15,10.0,6.0,1.0909090909090908,2.0,6.5,1,1,36,33,0
71,20160619,13,0,15,2.0,1.0,1.121212121212121,2.0,6.5,0,2,37,33,0
72,20160620,13,0,29,4.0,1.0,1.1515151515151516,2.0,6.5,1,3,38,33,0
73,20160621,13,0,29,3.0,2.0,1.1818181818181819,2.0,5.5,1,4,39,33,0
74,20160622,13,0,29,4.0,3.0,1.2121212121212122,2.0,5.5,1,5,40,33,0
75,20160624,13,1,21,6.0,8.0,1.2424242424242424,2.0,5.5,1,6,41,33,0
76,20160625,13,1,21,1.0,6.0,1.2058823529411764,2.0,7.0,1,-1,41,34,0
77,20160626,13,1,21,3.0,4.0,1.1714285714285715,2.0,7.0,1,-2,41,35,0
78,20160627,13,1,21,5.0,4.0,1.1388888888888888,2.0,8.0,0,-3,41,36,0
79,20160628,13,1,15,6.0,5.0,1.1666666666666667,2.0,7.0,1,1,42,36,0
80,20160629,13,1,15,0.0,7.0,1.1944444444444444,2.0,6.0,1,2,43,36,0
81,20160630,13,1,15,8.0,1.0,1.162162162162162,2.0,6.0,0,-1,43,37,0
82,20160701,13,0,8,5.0,0.0,1.1891891891891893,2.0,6.0,1,1,44,37,0
83,20160702,13,0,8,6.0,1.0,1.2162162162162162,2.0,6.0,1,2,45,37,0
84,20160703,13,0,8,4.0,1.0,1.2432432432432432,2.0,5.0,0,3,46,37,0
85,20160704,13,0,2,7.0,5.0,1.2702702702702702,2.0,5.0,1,4,47,37,0
86,20160705,13,0,2,1.0,4.0,1.2972972972972974,2.0,5.0,1,5,48,37,0
87,20160706,13,0,2,4.0,6.0,1.263157894736842,2.0,5.0,0,-1,48,38,0
88,20160707,13,0,22,0.0,6.0,1.2307692307692308,2.0,6.0,1,-2,48,39,0
89,20160708,13,0,22,10.0,6.0,1.2,2.0,6.5,1,-3,48,40,0
90,20160709,13,0,22,4.0,3.0,1.225,2.0,6.5,0,1,49,40,0
91,20160710,13,0,22,3.0,1.0,1.25,2.0,6.5,0,2,50,40,0
92,20160715,13,1,0,13.0,7.0,1.275,2.0,6.5,1,3,51,40,0
93,20160716,13,1,0,1.0,2.0,1.3,2.0,5.5,1,4,52,40,0
94,20160717,13,1,0,5.0,6.0,1.2682926829268293,2.0,5.5,0,-1,52,41,0
95,20160719,13,1,29,8.0,4.0,1.2380952380952381,2.0,5.5,1,-2,52,42,0
96,20160720,13,1,29,1.0,8.0,1.2619047619047619,2.0,4.5,1,1,53,42,0
97,20160721,13,1,29,6.0,3.0,1.2325581395348837,2.0,4.5,0,-1,53,43,0
98,20160722,13,1,25,3.0,4.0,1.255813953488372,2.0,4.0,1,1,54,43,0
99,20160723,13,1,25,7.0,2.0,1.2272727272727273,2.0,4.0,1,-1,54,44,0
100,20160724,13,1,25,9.0,6.0,1.25,2.0,4.0,1,1,55,44,0
101,20160726,13,0,26,3.0,2.0,1.2727272727272727,2.0,3.0,1,2,56,44,0
102,20160727,13,0,26,1.0,3.0,1.2954545454545454,2.0,2.5,0,3,57,44,0
103,20160729,13,0,0,9.0,7.0,1.2666666666666666,2.0,2.5,1,-1,57,45,0
104,20160730,13,0,0,2.0,4.0,1.288888888888889,2.0,1.0,1,1,58,45,0
105,20160731,13,0,0,14.0,3.0,1.2608695652173914,2.0,2.0,0,-1,58,46,0
106,20160802,13,1,8,3.0,7.0,1.2826086956521738,2.0,2.0,1,1,59,46,0
107,20160803,13,1,8,2.0,12.0,1.2553191489361701,2.0,2.0,1,-1,59,47,0
108,20160804,13,1,8,4.0,2.0,1.2291666666666667,2.0,2.0,1,-2,59,48,0
109,20160805,13,0,3,0.0,9.0,1.25,2.0,2.0,1,1,60,48,0
110,20160806,13,0,3,3.0,0.0,1.2244897959183674,2.0,2.0,0,-1,60,49,0
111,20160807,13,0,3,8.0,5.0,1.2448979591836735,2.0,2.0,0,1,61,49,0
112,20160808,13,0,20,9.0,4.0,1.2653061224489797,2.0,1.0,1,2,62,49,0
113,20160809,13,0,20,9.0,3.0,1.2857142857142858,2.0,1.0,1,3,63,49,0
114,20160810,13,0,20,2.0,6.0,1.3061224489795917,1.0,0,0,4,64,49,0
115,20160812,13,0,21,1.0,5.0,1.28,2.0,1.0,1,-1,64,50,0
116,20160813,13,0,21,8.0,4.0,1.2549019607843137,2.0,1.0,0,-2,64,51,0
117,20160814,13,0,21,3.0,11.0,1.2745098039215685,2.0,1.0,0,1,65,51,0
118,20160816,13,1,20,15.0,5.0,1.25,2.0,1.0,1,-1,65,52,0
119,20160817,13,1,20,7.0,2.0,1.2692307692307692,1.0,-0.5,1,1,66,52,0
120,20160818,13,1,20,4.0,5.0,1.2884615384615385,1.0,-1.5,1,2,67,52,0
121,20160819,13,1,6,2.0,9.0,1.2641509433962264,1.0,-0.5,1,-1,67,53,0
122,20160820,13,1,6,1.0,11.0,1.2407407407407407,2.0,0.5,1,-2,67,54,0
123,20160821,13,1,6,4.0,0.0,1.2181818181818183,2.0,0.5,0,-3,67,55,0
124,20160822,13,1,6,18.0,9.0,1.2363636363636363,1.0,-0.5,0,1,68,55,0
125,20160823,13,0,24,9.0,5.0,1.2545454545454546,1.0,-1.0,1,2,69,55,0
126,20160824,13,0,24,1.0,0.0,1.2727272727272727,1.0,-2.0,1,3,70,55,0
127,20160825,13,0,24,0.0,4.0,1.290909090909091,1.0,-3.0,1,4,71,55,0
128,20160826,13,0,4,4.0,6.0,1.2678571428571428,1.0,-2.0,1,-1,71,56,0
129,20160827,13,0,4,3.0,2.0,1.2456140350877194,1.0,-1.0,0,-2,71,57,0
130,20160828,13,0,4,1.0,0.0,1.263157894736842,1.0,-2.0,0,1,72,57,0
131,20160829,13,1,8,1.0,8.0,1.280701754385965,1.0,-2.0,1,2,73,57,0
132,20160831,13,1,8,0.0,7.0,1.2586206896551724,1.0,-1.5,0,-1,73,58,1
133,20160831,13,1,8,10.0,8.0,1.2372881355932204,1.0,-1.5,1,-2,73,59,1
134,20160902,13,0,22,2.0,4.0,1.2542372881355932,1.0,-1.5,1,1,74,59,0
135,20160903,13,0,22,5.0,1.0,1.2333333333333334,1.0,-2.0,1,-1,74,60,0
136,20160904,13,0,22,7.0,4.0,1.25,1.0,-2.0,0,1,75,60,0
137,20160905,13,0,0,10.0,2.0,1.2666666666666666,1.0,-3.0,1,2,76,60,0
138,20160906,13,0,0,5.0,2.0,1.2833333333333334,1.0,-4.0,1,3,77,60,0
139,20160907,13,0,0,3.0,1.0,1.3,1.0,-4.0,1,4,78,60,0
140,20160909,13,1,14,1.0,4.0,1.3166666666666667,1.0,-5.0,1,5,79,60,0
141,20160910,13,1,14,5.0,0.0,1.2950819672131149,1.0,-4.0,1,-1,79,61,0
142,20160911,13,1,14,0.0,3.0,1.3114754098360655,1.0,-4.0,0,1,80,61,0
143,20160912,13,1,18,8.0,2.0,1.2903225806451613,1.0,-3.0,1,-1,80,62,0
144,20160913,13,1,18,0.0,3.0,1.3064516129032258,1.0,-4.0,1,1,81,62,0
145,20160914,13,1,18,2.0,0.0,1.2857142857142858,1.0,-4.0,0,-1,81,63,0
146,20160915,13,1,0,3.0,7.0,1.3015873015873016,1.0,-5.0,1,1,82,63,0
147,20160916,13,1,0,3.0,2.0,1.28125,1.0,-4.0,1,-1,82,64,0
148,20160917,13,1,0,6.0,2.0,1.296875,1.0,-4.0,1,1,83,64,0
149,20160918,13,1,0,9.0,10.0,1.3125,1.0,-5.0,0,2,84,64,0
150,20160919,13,0,24,2.0,1.0,1.2923076923076924,1.0,-5.0,1,-1,84,65,0
151,20160920,13,0,24,0.0,2.0,1.3076923076923077,1.0,-6.0,1,1,85,65,0
152,20160921,13,0,24,9.0,3.0,1.2878787878787878,1.0,-5.0,1,-1,85,66,0
153,20160922,13,0,8,7.0,4.0,1.303030303030303,1.0,-6.0,1,1,86,66,0
154,20160923,13,0,8,5.0,2.0,1.3181818181818181,1.0,-6.0,1,2,87,66,0
155,20160924,13,0,8,14.0,1.0,1.3333333333333333,1.0,-7.0,1,3,88,66,0
156,20160925,13,0,8,4.0,3.0,1.3484848484848484,1.0,-7.0,0,4,89,66,0
157,20160927,13,1,22,1.0,7.0,1.3636363636363635,1.0,-8.0,1,5,90,66,0
158,20160928,13,1,22,5.0,6.0,1.3432835820895523,1.0,-7.0,1,-1,90,67,0
159,20160929,13,1,22,9.0,4.0,1.3235294117647058,1.0,-7.0,1,-2,90,68,0
160,20160930,13,1,24,3.0,9.0,1.338235294117647,1.0,-7.0,1,1,91,68,0
161,20161001,13,1,24,0.0,3.0,1.318840579710145,1.0,-6.0,0,-1,91,69,0
162,20161002,13,1,24,1.0,7.0,1.3,1.0,-5.0,0,-2,91,70,0
1,20170403,13,0,22,14.0,3.0,0,1.0,0,0,0,0,0,0
2,20170404,13,0,22,0.0,4.0,1.0,1.0,0,1,1,1,0,0
3,20170405,13,0,22,3.0,1.0,1.0,2.0,1.0,1,-1,1,1,0
4,20170406,13,0,22,10.0,2.0,2.0,1.0,0,0,1,2,1,0
5,20170407,13,1,8,1.0,2.0,3.0,1.0,0,0,2,3,1,0
6,20170408,13,1,8,2.0,4.0,1.5,3.0,1.0,1,-1,3,2,0
7,20170409,13,1,8,10.0,6.0,1.0,3.0,2.0,0,-2,3,3,0
8,20170410,13,1,4,2.0,3.0,1.3333333333333333,3.0,2.0,1,1,4,3,0
9,20170412,13,1,4,2.0,0.0,1.0,3.0,2.0,1,-1,4,4,0
10,20170413,13,1,4,0.0,4.0,1.25,3.0,1.5,0,1,5,4,0
11,20170414,13,0,0,7.0,1.0,1.0,3.0,2.0,1,-1,5,5,0
12,20170415,13,0,0,8.0,4.0,1.2,3.0,1.0,1,1,6,5,0
13,20170416,13,0,0,1.0,3.0,1.4,2.0,0.5,0,2,7,5,0
14,20170417,13,0,0,2.0,4.0,1.1666666666666667,3.0,1.5,1,-1,7,6,0
15,20170418,13,0,8,3.0,4.0,1.0,3.0,2.0,1,-2,7,7,0
16,20170419,13,0,8,4.0,2.0,0.875,3.0,3.0,1,-3,7,8,0
17,20170421,13,1,0,5.0,13.0,1.0,3.0,2.0,1,1,8,8,0
18,20170422,13,1,0,5.0,11.0,0.8888888888888888,3.0,3.0,1,-1,8,9,0
19,20170423,13,1,0,6.0,2.0,0.8,3.0,4.0,0,-2,8,10,0
20,20170424,13,1,24,1.0,2.0,0.9,3.0,4.0,1,1,9,10,0
21,20170425,13,1,24,2.0,1.0,0.8181818181818182,3.0,5.0,1,-1,9,11,0
22,20170426,13,1,24,3.0,4.0,0.9090909090909091,3.0,4.0,1,1,10,11,0
23,20170427,13,1,24,5.0,1.0,0.8333333333333334,3.0,4.0,0,-1,10,12,0
24,20170428,13,0,20,5.0,3.0,0.9166666666666666,3.0,3.5,1,1,11,12,0
25,20170429,13,0,20,6.0,5.0,1.0,3.0,3.0,1,2,12,12,0
26,20170430,13,0,20,5.0,3.0,1.0833333333333333,3.0,3.0,0,3,13,12,0
27,20170501,13,0,24,3.0,4.0,1.1666666666666667,3.0,2.0,1,4,14,12,0
28,20170502,13,0,24,13.0,5.0,1.0769230769230769,3.0,2.5,1,-1,14,13,0
29,20170503,13,0,24,1.0,4.0,1.1538461538461537,3.0,2.0,1,1,15,13,0
30,20170505,13,1,22,8.0,2.0,1.0714285714285714,3.0,2.5,1,-1,15,14,0
31,20170506,13,1,22,10.0,2.0,1.1428571428571428,3.0,2.0,1,1,16,14,0
32,20170508,13,0,21,12.0,1.0,1.2142857142857142,3.0,2.0,1,2,17,14,0
33,20170509,13,0,21,4.0,3.0,1.2857142857142858,2.0,2.0,1,3,18,14,0
34,20170510,13,0,21,5.0,2.0,1.3571428571428572,2.0,1.5,1,4,19,14,0
35,20170511,13,1,8,7.0,10.0,1.4285714285714286,2.0,1.5,1,5,20,14,0
36,20170512,13,1,8,6.0,2.0,1.3333333333333333,2.0,2.5,1,-1,20,15,0
37,20170513,13,1,8,4.0,0.0,1.4,2.0,1.5,1,1,21,15,0
38,20170514,13,1,8,6.0,9.0,1.4666666666666666,2.0,0.5,0,2,22,15,0
39,20170515,13,1,24,4.0,8.0,1.375,2.0,1.5,1,-1,22,16,0
40,20170516,13,1,24,1.0,2.0,1.2941176470588236,2.0,2.0,1,-2,22,17,0
41,20170517,13,1,24,6.0,1.0,1.2222222222222223,3.0,3.0,0,-3,22,18,0
42,20170518,13,0,14,7.0,2.0,1.2777777777777777,3.0,2.5,1,1,23,18,0
43,20170519,13,0,14,7.0,2.0,1.3333333333333333,2.0,2.0,1,2,24,18,0
44,20170520,13,0,14,6.0,10.0,1.3888888888888888,2.0,2.0,1,3,25,18,0
45,20170521,13,0,14,6.0,3.0,1.3157894736842106,3.0,2.0,0,-1,25,19,0
46,20170523,13,0,25,2.0,1.0,1.368421052631579,2.0,2.0,1,1,26,19,0
47,20170524,13,0,25,1.0,6.0,1.4210526315789473,3.0,2.5,1,2,27,19,0
48,20170525,13,0,25,7.0,3.0,1.35,3.0,3.5,1,-1,27,20,0
49,20170526,13,0,4,4.0,0.0,1.4,3.0,2.5,1,1,28,20,0
50,20170527,13,0,4,5.0,0.0,1.45,3.0,2.5,0,2,29,20,0
51,20170528,13,0,4,9.0,4.0,1.5,3.0,1.5,0,3,30,20,0
52,20170529,13,1,25,5.0,1.0,1.55,2.0,1.5,0,4,31,20,0
53,20170530,13,1,25,9.0,4.0,1.6,2.0,0.5,1,5,32,20,0
54,20170531,13,1,25,1.0,2.0,1.65,1.0,-0.5,1,6,33,20,0
55,20170601,13,1,25,0.0,2.0,1.5714285714285714,1.0,-0.5,0,-1,33,21,0
56,20170602,13,1,15,2.0,1.0,1.5,3.0,0.5,1,-2,33,22,0
57,20170603,13,1,15,10.0,8.0,1.5454545454545454,1.0,-0.5,0,1,34,22,0
58,20170604,13,1,15,0.0,3.0,1.5909090909090908,1.0,-0.5,0,2,35,22,0
59,20170605,13,0,29,2.0,4.0,1.5217391304347827,2.0,0.5,1,-1,35,23,0
60,20170606,13,0,29,1.0,2.0,1.4583333333333333,2.0,1.0,1,-2,35,24,0
61,20170607,13,0,29,2.0,1.0,1.4,2.0,2.0,0,-3,35,25,0
62,20170609,13,0,6,7.0,2.0,1.44,2.0,2.0,1,1,36,25,0
63,20170610,13,0,6,5.0,4.0,1.48,2.0,2.5,1,2,37,25,0
64,20170611,13,0,6,9.0,7.0,1.52,2.0,2.5,0,3,38,25,0
65,20170613,13,1,7,7.0,5.0,1.56,2.0,1.5,1,4,39,25,0
66,20170614,13,1,7,6.0,4.0,1.6,1.0,0,1,5,40,25,0
67,20170615,13,1,7,5.0,12.0,1.64,1.0,0,0,6,41,25,0
68,20170616,13,1,6,3.0,1.0,1.5769230769230769,2.0,1.0,1,-1,41,26,0
69,20170617,13,1,6,10.0,2.0,1.6153846153846154,2.0,1.0,0,1,42,26,0
70,20170618,13,1,6,8.0,7.0,1.6538461538461537,2.0,1.0,0,2,43,26,0
71,20170619,13,0,17,10.0,6.0,1.6923076923076923,2.0,1.0,1,3,44,26,0
72,20170620,13,0,17,12.0,0.0,1.7307692307692308,2.0,0.5,1,4,45,26,0
73,20170621,13,0,17,8.0,2.0,1.7692307692307692,2.0,0.5,1,5,46,26,0
74,20170622,13,0,17,6.0,3.0,1.8076923076923077,1.0,-0.5,1,6,47,26,0
75,20170623,13,0,8,6.0,1.0,1.8461538461538463,1.0,-1.5,1,7,48,26,0
76,20170624,13,0,8,4.0,0.0,1.8846153846153846,1.0,-2.5,1,8,49,26,0
77,20170625,13,0,8,12.0,6.0,1.9230769230769231,1.0,-2.5,0,9,50,26,0
78,20170626,13,0,12,0.0,4.0,1.9615384615384615,1.0,-2.5,1,10,51,26,0
79,20170627,13,0,12,4.0,0.0,1.8888888888888888,1.0,-1.5,1,-1,51,27,0
80,20170628,13,1,12,2.0,3.0,1.9259259259259258,1.0,-1.5,1,1,52,27,0
81,20170629,13,1,12,6.0,2.0,1.8571428571428572,1.0,-1.5,1,-1,52,28,0
82,20170630,13,1,22,10.0,4.0,1.8928571428571428,1.0,-2.5,1,1,53,28,0
83,20170701,13,1,22,8.0,0.0,1.9285714285714286,1.0,-3.5,1,2,54,28,0
84,20170702,13,1,22,3.0,5.0,1.9642857142857142,1.0,-3.5,0,3,55,28,0
85,20170704,13,0,0,4.0,3.0,1.896551724137931,1.0,-2.5,1,-1,55,29,0
86,20170705,13,0,0,1.0,0.0,1.9310344827586208,1.0,-3.5,1,1,56,29,0
87,20170706,13,0,0,5.0,4.0,1.9655172413793103,1.0,-4.5,1,2,57,29,0
88,20170707,13,0,11,4.0,1.0,2.0,1.0,-5.5,1,3,58,29,0
89,20170708,13,0,11,5.0,4.0,2.0344827586206895,1.0,-5.5,0,4,59,29,0
90,20170709,13,0,11,5.0,2.0,2.0689655172413794,1.0,-6.5,0,5,60,29,0
91,20170714,13,1,14,6.0,4.0,2.103448275862069,1.0,-7.5,1,6,61,29,0
92,20170715,13,1,14,7.0,1.0,2.1379310344827585,1.0,-8.5,1,7,62,29,0
93,20170716,13,1,14,3.0,2.0,2.1724137931034484,1.0,-9.5,0,8,63,29,0
94,20170718,13,1,5,1.0,0.0,2.206896551724138,1.0,-0.5,1,9,64,29,0
95,20170719,13,1,5,9.0,1.0,2.2413793103448274,1.0,-0.5,1,10,65,29,0
96,20170720,13,0,1,3.0,6.0,2.2758620689655173,1.0,-1.0,1,11,66,29,0
97,20170721,13,0,1,3.0,12.0,2.2,1.0,-0.5,1,-1,66,30,0
98,20170722,13,0,1,6.0,2.0,2.129032258064516,1.0,-9.5,1,-2,66,31,0
99,20170723,13,0,1,5.0,4.0,2.161290322580645,1.0,-0.5,0,1,67,31,0
100,20170724,13,0,16,6.0,4.0,2.193548387096774,1.0,-0.5,1,2,68,31,0
101,20170725,13,0,16,6.0,2.0,2.225806451612903,1.0,-1.5,1,3,69,31,0
102,20170726,13,0,16,6.0,5.0,2.2580645161290325,1.0,-2.5,1,4,70,31,0
103,20170728,13,0,24,6.0,4.0,2.2903225806451615,1.0,-2.5,1,5,71,31,0
104,20170729,13,0,24,2.0,1.0,2.3225806451612905,1.0,-3.0,0,6,72,31,0
105,20170730,13,0,24,3.0,2.0,2.3548387096774195,1.0,-3.0,1,7,73,31,0
106,20170801,13,1,1,3.0,2.0,2.3870967741935485,1.0,-4.0,1,8,74,31,0
107,20170802,13,1,1,3.0,5.0,2.4193548387096775,1.0,-4.5,1,9,75,31,0
108,20170803,13,1,1,7.0,4.0,2.34375,1.0,-4.0,1,-1,75,32,0
109,20170804,13,1,17,6.0,0.0,2.375,1.0,-4.0,1,1,76,32,0
110,20170805,13,1,17,7.0,4.0,2.40625,1.0,-4.0,0,2,77,32,0
111,20170806,13,1,17,8.0,0.0,2.4375,1.0,-4.5,1,3,78,32,0
112,20170808,13,1,0,3.0,6.0,2.46875,1.0,-5.5,1,4,79,32,0
113,20170809,13,1,0,3.0,2.0,2.393939393939394,1.0,-5.0,1,-1,79,33,0
114,20170810,13,1,0,8.0,6.0,2.4242424242424243,1.0,-5.5,1,1,80,33,0
115,20170811,13,0,22,3.0,4.0,2.4545454545454546,1.0,-6.0,1,2,81,33,0
116,20170812,13,0,22,6.0,3.0,2.3823529411764706,1.0,-6.0,1,-1,81,34,0
117,20170813,13,0,22,6.0,4.0,2.411764705882353,1.0,-7.0,0,1,82,34,0
118,20170815,13,0,5,6.0,1.0,2.4411764705882355,1.0,-8.0,1,2,83,34,0
119,20170816,13,0,5,5.0,4.0,2.4705882352941178,1.0,-8.5,1,3,84,34,0
120,20170818,13,1,9,8.0,5.0,2.5,1.0,-8.5,1,4,85,34,0
121,20170819,13,1,9,3.0,0.0,2.5294117647058822,1.0,-9.0,0,5,86,34,0
122,20170820,13,1,9,1.0,6.0,2.5588235294117645,1.0,-0.0,0,6,87,34,0
123,20170821,13,1,21,6.0,5.0,2.4857142857142858,1.0,-0.0,1,-1,87,35,0
124,20170822,13,1,21,8.0,5.0,2.5142857142857142,1.0,-0.5,1,1,88,35,0
125,20170823,13,1,21,0.0,1.0,2.5428571428571427,1.0,-1.0,1,2,89,35,0
126,20170824,13,1,21,5.0,2.0,2.4722222222222223,1.0,-1.0,0,-1,89,36,0
127,20170825,13,0,15,3.0,1.0,2.5,1.0,-1.0,1,1,90,36,0
128,20170826,13,0,15,0.0,3.0,2.5277777777777777,1.0,-1.0,1,2,91,36,0
129,20170827,13,0,15,2.0,3.0,2.4594594594594597,1.0,-0.0,0,-1,91,37,0
130,20170829,13,1,0,6.0,7.0,2.3947368421052633,1.0,-9.0,1,-2,91,38,0
131,20170830,13,1,0,4.0,6.0,2.3333333333333335,1.0,-8.0,1,-3,91,39,0
132,20170831,13,1,0,1.0,8.0,2.275,1.0,-7.0,0,-4,91,40,0
133,20170901,13,1,22,1.0,0.0,2.2195121951219514,1.0,-6.0,1,-5,91,41,0
134,20170902,13,1,22,5.0,6.0,2.2439024390243905,1.0,-6.0,0,1,92,41,1
135,20170902,13,1,22,2.0,7.0,2.1904761904761907,1.0,-4.5,1,-1,92,42,1
136,20170903,13,1,22,4.0,6.0,2.13953488372093,1.0,-4.5,0,-2,92,43,0
137,20170904,13,0,0,0.0,13.0,2.090909090909091,1.0,-3.5,1,-3,92,44,0
138,20170905,13,0,0,1.0,3.0,2.0444444444444443,1.0,-2.5,1,-4,92,45,0
139,20170906,13,0,0,1.0,3.0,2.0,1.0,-1.5,1,-5,92,46,0
140,20170907,13,0,8,1.0,9.0,1.9574468085106382,1.0,-0.5,1,-6,92,47,0
141,20170908,13,0,8,4.0,5.0,1.9166666666666667,1.0,-0.0,1,-7,92,48,0
142,20170909,13,0,8,5.0,6.0,1.8775510204081634,1.0,-0.0,1,-8,92,49,0
143,20170910,13,0,8,1.0,8.0,1.84,1.0,-0.0,0,-9,92,50,0
144,20170911,13,1,24,6.0,8.0,1.803921568627451,1.0,-9.0,1,-10,92,51,0
145,20170912,13,1,24,5.0,3.0,1.7692307692307692,1.0,-9.0,1,-11,92,52,0
146,20170913,13,1,24,4.0,1.0,1.7884615384615385,1.0,-0.0,1,1,93,52,0
147,20170915,13,1,29,7.0,0.0,1.8076923076923077,1.0,-0.0,1,2,94,52,0
148,20170916,13,1,29,3.0,2.0,1.8269230769230769,1.0,-9.5,0,3,95,52,0
149,20170917,13,1,29,1.0,7.0,1.8461538461538463,1.0,-9.5,1,4,96,52,0
150,20170918,13,1,20,3.0,4.0,1.8113207547169812,1.0,-9.5,1,-1,96,53,0
151,20170919,13,1,20,2.0,6.0,1.7777777777777777,1.0,-9.5,1,-2,96,54,0
152,20170920,13,1,20,5.0,7.0,1.7454545454545454,1.0,-9.5,1,-3,96,55,0
153,20170921,13,1,20,5.0,4.0,1.7142857142857142,1.0,-8.5,0,-4,96,56,0
154,20170922,13,0,24,4.0,2.0,1.7321428571428572,1.0,-9.0,1,1,97,56,0
155,20170923,13,0,24,1.0,2.0,1.75,1.0,-9.0,1,2,98,56,0
156,20170924,13,0,24,3.0,1.0,1.719298245614035,1.0,-9.0,0,-1,98,57,0
157,20170925,13,0,22,9.0,3.0,1.736842105263158,1.0,-9.0,1,1,99,57,0
158,20170926,13,0,22,9.0,2.0,1.7543859649122806,1.0,-0.0,1,2,100,57,0
159,20170927,13,0,22,10.0,0.0,1.7719298245614035,1.0,-0.0,1,3,101,57,0
160,20170929,13,1,8,1.0,9.0,1.7894736842105263,1.0,-0.0,1,4,102,57,0
161,20170930,13,1,8,5.0,3.0,1.7586206896551724,1.0,-0.0,1,-1,102,58,0
162,20171001,13,1,8,6.0,3.0,1.7758620689655173,1.0,-1.0,0,1,103,58,0
1,20180329,13,0,24,0.0,1.0,0,1.0,0,0,0,0,0,0
2,20180330,13,0,24,0.0,1.0,0.0,3.0,1.0,1,-1,0,1,0
3,20180331,13,0,24,5.0,0.0,0.0,3.0,2.0,1,-2,0,2,0
4,20180401,13,0,24,9.0,0.0,0.5,3.0,1.0,1,1,1,2,0
5,20180402,13,1,0,7.0,8.0,1.0,2.0,0.5,1,2,2,2,0
6,20180403,13,1,0,1.0,6.0,0.6666666666666666,4.0,1.5,1,-1,2,3,0
7,20180404,13,1,0,0.0,3.0,0.5,4.0,2.5,0,-2,2,4,0
8,20180407,13,1,24,5.0,7.0,0.4,4.0,3.5,0,-3,2,5,0
9,20180408,13,1,24,2.0,1.0,0.3333333333333333,4.0,4.0,0,-4,2,6,0
10,20180410,13,0,19,4.0,0.0,0.5,4.0,4.0,1,1,3,6,0
11,20180411,13,0,19,6.0,16.0,0.6666666666666666,3.0,3.5,1,2,4,6,0
12,20180413,13,0,0,7.0,8.0,0.5714285714285714,4.0,4.5,1,-1,4,7,0
13,20180414,13,0,0,1.0,9.0,0.5,4.0,5.5,1,-2,4,8,0
14,20180415,13,0,0,7.0,2.0,0.4444444444444444,5.0,6.5,0,-3,4,9,0
15,20180416,13,1,22,10.0,3.0,0.5555555555555556,5.0,5.5,1,1,5,9,0
16,20180417,13,1,22,7.0,3.0,0.6666666666666666,3.0,5.0,1,2,6,9,0
17,20180418,13,1,22,13.0,4.0,0.7777777777777778,3.0,5.0,1,3,7,9,0
18,20180420,13,0,29,2.0,5.0,0.8888888888888888,3.0,4.0,1,4,8,9,0
19,20180421,13,0,29,4.0,0.0,0.8,3.0,4.5,1,-1,8,10,0
20,20180422,13,0,29,4.0,3.0,0.9,3.0,4.5,1,1,9,10,0
21,20180423,13,0,14,2.0,1.0,1.0,3.0,4.5,1,2,10,10,0
22,20180424,13,0,14,2.0,3.0,1.1,2.0,4.0,1,3,11,10,0
23,20180425,13,0,14,6.0,8.0,1.0,3.0,5.0,0,-1,11,11,0
24,20180427,13,1,24,4.0,6.0,0.9166666666666666,3.0,5.0,1,-2,11,12,0
25,20180428,13,1,24,15.0,6.0,0.8461538461538461,4.0,6.5,0,-3,11,13,1
26,20180428,13,1,24,3.0,8.0,0.9230769230769231,4.0,7.0,1,1,12,13,1
27,20180429,13,1,24,2.0,4.0,0.8571428571428571,4.0,7.0,0,-1,12,14,0
28,20180430,13,1,0,5.0,8.0,0.8,4.0,7.0,1,-2,12,15,0
29,20180501,13,1,0,3.0,4.0,0.75,4.0,8.0,1,-3,12,16,0
30,20180502,13,1,0,2.0,1.0,0.7058823529411765,4.0,9.0,1,-4,12,17,0
31,20180503,13,1,0,5.0,2.0,0.7647058823529411,4.0,8.0,0,1,13,17,0
32,20180504,13,1,22,4.0,0.0,0.8235294117647058,4.0,7.0,1,2,14,17,0
33,20180505,13,1,22,4.0,7.0,0.8823529411764706,4.0,6.0,1,3,15,17,0
34,20180506,13,1,22,0.0,3.0,0.8333333333333334,4.0,7.0,0,-1,15,18,0
35,20180508,13,0,0,5.0,8.0,0.7894736842105263,4.0,8.0,1,-2,15,19,0
36,20180509,13,0,0,6.0,3.0,0.75,4.0,9.0,1,-3,15,20,0
37,20180510,13,0,6,1.0,4.0,0.8,4.0,8.0,1,1,16,20,0
38,20180511,13,0,6,2.0,6.0,0.7619047619047619,4.0,8.0,1,-1,16,21,0
39,20180512,13,0,6,3.0,5.0,0.7272727272727273,4.0,8.0,1,-2,16,22,0
40,20180513,13,0,6,3.0,5.0,0.6956521739130435,4.0,8.0,0,-3,16,23,0
41,20180515,13,1,14,2.0,4.0,0.6666666666666666,4.0,8.0,1,-4,16,24,0
42,20180516,13,1,14,5.0,6.0,0.64,4.0,8.5,1,-5,16,25,0
43,20180517,13,1,14,7.0,0.0,0.6153846153846154,4.0,8.5,0,-6,16,26,0
44,20180519,13,1,29,4.0,1.0,0.6538461538461539,4.0,8.0,0,1,17,26,1
45,20180519,13,1,29,5.0,4.0,0.6923076923076923,4.0,6.0,1,2,18,26,1
46,20180520,13,1,29,7.0,2.0,0.7307692307692307,4.0,6.0,0,3,19,26,0
47,20180521,13,0,8,1.0,2.0,0.7692307692307693,4.0,5.0,1,4,20,26,0
48,20180522,13,0,8,5.0,3.0,0.7407407407407407,4.0,5.5,1,-1,20,27,0
49,20180523,13,0,8,3.0,0.0,0.7777777777777778,4.0,4.5,1,1,21,27,0
50,20180525,13,0,22,4.0,1.0,0.8148148148148148,4.0,3.5,1,2,22,27,0
51,20180526,13,0,22,5.0,7.0,0.8518518518518519,4.0,3.5,1,3,23,27,0
52,20180527,13,0,22,6.0,1.0,0.8214285714285714,4.0,3.5,0,-1,23,28,0
53,20180528,13,0,20,5.0,4.0,0.8571428571428571,4.0,3.5,1,1,24,28,0
54,20180529,13,0,20,1.0,6.0,0.8928571428571429,3.0,3.5,1,2,25,28,0
55,20180530,13,0,20,8.0,2.0,0.8620689655172413,3.0,4.5,1,-1,25,29,0
56,20180531,13,0,20,1.0,2.0,0.896551724137931,3.0,3.5,0,1,26,29,0
57,20180601,13,1,8,11.0,8.0,0.8666666666666667,3.0,4.0,1,-1,26,30,0
58,20180602,13,1,8,12.0,4.0,0.9,3.0,3.0,1,1,27,30,0
59,20180603,13,1,8,10.0,7.0,0.9333333333333333,3.0,2.5,0,2,28,30,0
60,20180605,13,1,21,5.0,0.0,0.9666666666666667,3.0,2.5,1,3,29,30,0
61,20180606,13,1,21,9.0,11.0,1.0,3.0,2.0,1,4,30,30,0
62,20180607,13,1,21,8.0,7.0,0.967741935483871,4.0,2.0,0,-1,30,31,0
63,20180608,13,0,1,7.0,3.0,1.0,3.0,1.5,1,1,31,31,0
64,20180609,13,0,1,3.0,5.0,1.032258064516129,2.0,1.5,1,2,32,31,0
65,20180610,13,0,1,7.0,2.0,1.0,2.0,2.5,0,-1,32,32,0
66,20180612,13,0,27,12.0,5.0,1.03125,2.0,2.5,1,1,33,32,0
67,20180613,13,0,27,3.0,2.0,1.0625,2.0,3.0,1,2,34,32,0
68,20180615,13,0,24,3.0,2.0,1.09375,2.0,2.0,1,3,35,32,0
69,20180616,13,0,24,3.0,1.0,1.125,2.0,2.5,1,4,36,32,0
70,20180617,13,0,24,1.0,4.0,1.15625,2.0,1.5,0,5,37,32,0
71,20180619,13,1,4,4.0,3.0,1.121212121212121,2.0,1.5,0,-1,37,33,1
72,20180619,13,1,4,1.0,2.0,1.1515151515151516,2.0,1.5,1,1,38,33,1
73,20180620,13,1,4,0.0,4.0,1.1176470588235294,2.0,1.5,0,-1,38,34,0
74,20180622,13,1,17,5.0,2.0,1.0857142857142856,2.0,2.0,1,-2,38,35,0
75,20180623,13,1,17,8.0,3.0,1.1142857142857143,2.0,2.5,1,1,39,35,0
76,20180624,13,1,17,8.0,7.0,1.1428571428571428,2.0,2.5,0,2,40,35,0
77,20180625,13,0,4,2.0,1.0,1.1714285714285715,2.0,2.5,1,3,41,35,0
78,20180626,13,0,4,4.0,9.0,1.2,2.0,1.5,1,4,42,35,0
79,20180627,13,0,4,7.0,5.0,1.1666666666666667,2.0,2.5,1,-1,42,36,0
80,20180628,13,0,4,5.0,11.0,1.1944444444444444,2.0,2.5,0,1,43,36,0
81,20180629,13,0,8,1.0,3.0,1.162162162162162,2.0,3.5,1,-1,43,37,0
82,20180630,13,0,8,1.0,3.0,1.131578947368421,2.0,3.5,0,-2,43,38,0
83,20180701,13,0,8,6.0,4.0,1.1025641025641026,2.0,3.5,0,-3,43,39,0
84,20180702,13,0,21,17.0,1.0,1.1282051282051282,2.0,2.5,1,1,44,39,0
85,20180703,13,0,21,8.0,3.0,1.1538461538461537,2.0,1.5,1,2,45,39,0
86,20180704,13,0,21,6.0,4.0,1.1794871794871795,2.0,1.5,1,3,46,39,0
87,20180706,13,1,12,2.0,3.0,1.205128205128205,2.0,0.5,1,4,47,39,0
88,20180707,13,1,12,3.0,1.0,1.175,2.0,1.0,0,-1,47,40,0
89,20180708,13,1,12,3.0,4.0,1.2,2.0,1.0,1,1,48,40,0
90,20180709,13,1,22,8.0,2.0,1.170731707317073,2.0,1.0,1,-1,48,41,0
91,20180710,13,1,22,1.0,4.0,1.1951219512195121,2.0,0.5,1,1,49,41,0
92,20180711,13,1,22,4.0,2.0,1.1666666666666667,2.0,1.5,1,-1,49,42,0
93,20180712,13,1,22,3.0,2.0,1.1904761904761905,2.0,0.5,1,1,50,42,0
94,20180713,13,0,12,3.0,2.0,1.2142857142857142,1.0,-0.5,1,2,51,42,0
95,20180714,13,0,12,4.0,5.0,1.2380952380952381,1.0,-0.5,0,3,52,42,0
96,20180715,13,0,12,5.0,3.0,1.2093023255813953,2.0,0.5,0,-1,52,43,0
97,20180720,13,1,15,6.0,4.0,1.2325581395348837,1.0,-0.5,1,1,53,43,0
98,20180721,13,1,15,2.0,4.0,1.255813953488372,1.0,-1.5,1,2,54,43,0
99,20180722,13,1,15,11.0,2.0,1.2272727272727273,1.0,-1.0,0,-1,54,44,0
100,20180723,13,1,20,7.0,6.0,1.25,1.0,-1.5,1,1,55,44,0
101,20180724,13,1,20,4.0,7.0,1.2727272727272727,1.0,-1.5,1,2,56,44,0
102,20180725,13,1,20,3.0,7.0,1.2444444444444445,1.0,-0.5,0,-1,56,45,0
103,20180726,13,1,1,8.0,2.0,1.2173913043478262,1.0,-0.5,1,-2,56,46,0
104,20180727,13,1,1,4.0,1.0,1.2391304347826086,1.0,-1.5,1,1,57,46,0
105,20180728,13,1,1,5.0,1.0,1.2608695652173914,1.0,-1.5,1,2,58,46,0
106,20180729,13,1,1,1.0,4.0,1.2826086956521738,1.0,-1.5,0,3,59,46,0
107,20180730,13,0,15,2.0,5.0,1.2553191489361701,1.0,-0.5,1,-1,59,47,0
108,20180731,13,0,15,0.0,1.0,1.2291666666666667,1.0,-0.5,1,-2,59,48,0
109,20180801,13,0,15,6.0,4.0,1.2040816326530612,2.0,0.5,1,-3,59,49,0
110,20180802,13,0,15,21.0,5.0,1.2244897959183674,1.0,0,1,1,60,49,0
111,20180803,13,0,10,1.0,2.0,1.2448979591836735,1.0,-1.0,1,2,61,49,0
112,20180804,13,0,10,0.0,14.0,1.22,1.0,0,1,-1,61,50,0
113,20180805,13,0,10,3.0,2.0,1.196078431372549,2.0,1.0,0,-2,61,51,0
114,20180807,13,1,19,4.0,2.0,1.2156862745098038,1.0,0,1,1,62,51,0
115,20180808,13,1,19,2.0,3.0,1.2352941176470589,1.0,-0.5,1,2,63,51,0
116,20180809,13,1,8,8.0,5.0,1.2115384615384615,2.0,0.5,1,-1,63,52,0
117,20180810,13,1,8,4.0,5.0,1.2307692307692308,1.0,0,1,1,64,52,0
118,20180811,13,1,8,2.0,3.0,1.2075471698113207,1.0,0,1,-1,64,53,0
119,20180812,13,1,8,3.0,4.0,1.1851851851851851,1.0,0,0,-2,64,54,0
120,20180813,13,0,24,2.0,5.0,1.1636363636363636,2.0,1.0,1,-3,64,55,0
121,20180814,13,0,24,1.0,2.0,1.1428571428571428,2.0,1.0,1,-4,64,56,0
122,20180815,13,0,24,4.0,3.0,1.1228070175438596,3.0,2.0,1,-5,64,57,0
123,20180817,13,1,23,11.0,1.0,1.1403508771929824,2.0,1.5,1,1,65,57,0
124,20180818,13,1,23,4.0,5.0,1.1578947368421053,3.0,2.0,1,2,66,57,0
125,20180819,13,1,23,12.0,1.0,1.1379310344827587,3.0,2.0,0,-1,66,58,0
126,20180820,13,0,25,3.0,5.0,1.1551724137931034,3.0,2.0,1,1,67,58,0
127,20180821,13,0,25,2.0,5.0,1.1355932203389831,3.0,2.5,1,-1,67,59,0
128,20180822,13,0,25,1.0,3.0,1.1166666666666667,3.0,3.5,1,-2,67,60,0
129,20180824,13,0,22,11.0,1.0,1.098360655737705,3.0,4.5,1,-3,67,61,0
130,20180825,13,0,22,5.0,4.0,1.1147540983606556,3.0,3.5,1,1,68,61,0
131,20180826,13,0,22,7.0,3.0,1.1311475409836065,3.0,2.5,0,2,69,61,0
132,20180828,13,1,27,8.0,4.0,1.1475409836065573,3.0,2.5,1,3,70,61,0
133,20180829,13,1,27,3.0,1.0,1.1639344262295082,3.0,1.0,1,4,71,61,0
134,20180830,13,0,0,1.0,3.0,1.180327868852459,3.0,1.0,1,5,72,61,0
135,20180831,13,0,0,3.0,2.0,1.1612903225806452,3.0,2.0,1,-1,72,62,0
136,20180901,13,0,0,3.0,2.0,1.1774193548387097,2.0,1.0,1,1,73,62,0
137,20180902,13,0,0,3.0,2.0,1.1935483870967742,1.0,0,0,2,74,62,0
138,20180903,13,0,17,2.0,4.0,1.2096774193548387,1.0,-0.5,1,3,75,62,0
139,20180904,13,0,17,11.0,4.0,1.1904761904761905,2.0,0.5,1,-1,75,63,0
140,20180905,13,0,17,3.0,7.0,1.2063492063492063,2.0,0.5,0,1,76,63,0
141,20180907,13,1,8,4.0,2.0,1.1875,2.0,1.5,1,-1,76,64,0
142,20180908,13,1,8,2.0,4.0,1.203125,2.0,0.5,1,1,77,64,0
143,20180909,13,1,8,9.0,6.0,1.1846153846153846,2.0,1.5,0,-1,77,65,0
144,20180910,13,1,6,6.0,10.0,1.2,2.0,0.5,1,1,78,65,0
145,20180911,13,1,6,1.0,3.0,1.1818181818181819,2.0,1.5,1,-1,78,66,0
146,20180912,13,1,6,8.0,1.0,1.164179104477612,2.0,1.5,0,-2,78,67,0
147,20180913,13,1,25,9.0,7.0,1.1791044776119404,2.0,1.5,1,1,79,67,0
148,20180914,13,1,25,3.0,0.0,1.1940298507462686,2.0,1.5,1,2,80,67,0
149,20180915,13,1,25,17.0,4.0,1.208955223880597,2.0,0.5,0,3,81,67,0
150,20180916,13,1,25,0.0,5.0,1.2238805970149254,1.0,-0.5,1,4,82,67,0
151,20180917,13,0,8,8.0,2.0,1.2058823529411764,2.0,0.5,1,-1,82,68,0
152,20180918,13,0,8,3.0,2.0,1.2205882352941178,1.0,-0.5,1,1,83,68,0
153,20180919,13,0,8,5.0,2.0,1.2352941176470589,1.0,-1.5,1,2,84,68,0
154,20180921,13,0,22,3.0,5.0,1.25,1.0,-2.5,1,3,85,68,0
155,20180922,13,0,22,7.0,2.0,1.2318840579710144,1.0,-1.5,1,-1,85,69,0
156,20180923,13,0,22,14.0,0.0,1.2463768115942029,1.0,-1.5,0,1,86,69,0
157,20180924,13,1,0,7.0,4.0,1.2608695652173914,1.0,-1.5,1,2,87,69,0
158,20180925,13,1,0,3.0,4.0,1.2753623188405796,1.0,-1.5,1,3,88,69,0
159,20180926,13,1,0,2.0,7.0,1.2571428571428571,1.0,-0.5,1,-1,88,70,0
160,20180928,13,1,24,3.0,1.0,1.2394366197183098,2.0,0.5,1,-2,88,71,0
161,20180929,13,1,24,10.0,6.0,1.2535211267605635,2.0,1.0,0,1,89,71,0
162,20180930,13,1,24,15.0,0.0,1.267605633802817,1.0,0,0,2,90,71,0
163,20181001,13,0,8,5.0,2.0,1.2816901408450705,1.0,0,0,3,91,71,0
1,20190328,13,0,0,12.0,5.0,0,1.0,0,0,0,0,0,0
2,20190329,13,0,0,4.0,5.0,1.0,1.0,0,1,1,1,0,0
3,20190330,13,0,0,18.0,5.0,1.0,3.0,1.0,1,-1,1,1,0
4,20190331,13,0,0,8.0,7.0,2.0,1.0,0,0,1,2,1,0
5,20190401,13,0,24,2.0,4.0,3.0,1.0,0,1,2,3,1,0
6,20190402,13,0,24,6.0,5.0,1.5,1.0,0,1,-1,3,2,0
7,20190403,13,0,24,5.0,3.0,2.0,1.0,-1.0,1,1,4,2,0
8,20190405,13,1,8,10.0,6.0,2.5,1.0,-1.0,0,2,5,2,0
9,20190406,13,1,8,7.0,2.0,3.0,1.0,-1.0,1,3,6,2,0
10,20190407,13,1,8,12.0,6.0,3.5,1.0,-1.0,1,4,7,2,0
11,20190408,13,1,25,3.0,4.0,4.0,1.0,-2.0,1,5,8,2,0
12,20190409,13,1,25,0.0,4.0,2.6666666666666665,1.0,-1.0,1,-1,8,3,0
13,20190410,13,1,25,2.0,7.0,2.0,1.0,-1.0,1,-2,8,4,0
14,20190411,13,1,25,7.0,11.0,1.6,1.0,0,0,-3,8,5,0
15,20190412,13,0,15,5.0,8.0,1.3333333333333333,2.0,1.0,1,-4,8,6,0
16,20190413,13,0,15,1.0,4.0,1.1428571428571428,2.0,2.0,1,-5,8,7,0
17,20190414,13,0,15,7.0,1.0,1.0,2.0,3.0,0,-6,8,8,0
18,20190415,13,0,6,4.0,3.0,1.125,2.0,2.0,1,1,9,8,0
19,20190416,13,0,6,6.0,1.0,1.25,2.0,1.0,1,2,10,8,0
20,20190417,13,0,6,3.0,2.0,1.375,1.0,0,0,3,11,8,0
21,20190418,13,1,15,3.0,1.0,1.5,1.0,-0.5,1,4,12,8,0
22,20190419,13,1,15,5.0,3.0,1.625,1.0,-1.5,1,5,13,8,0
23,20190420,13,1,15,0.0,5.0,1.75,1.0,-2.5,1,6,14,8,0
24,20190421,13,1,15,6.0,5.0,1.5555555555555556,1.0,-2.0,0,-1,14,9,0
25,20190423,13,1,4,2.0,7.0,1.6666666666666667,1.0,-2.5,1,1,15,9,0
26,20190424,13,1,4,6.0,7.0,1.5,1.0,-1.5,1,-1,15,10,0
27,20190425,13,1,4,2.0,1.0,1.3636363636363635,1.0,-0.5,0,-2,15,11,0
28,20190426,13,0,21,6.0,2.0,1.4545454545454546,1.0,-0.5,1,1,16,11,0
29,20190427,13,0,21,3.0,1.0,1.5454545454545454,1.0,-0.5,1,2,17,11,0
30,20190428,13,0,21,7.0,6.0,1.6363636363636365,1.0,-1.0,0,3,18,11,0
31,20190429,13,1,24,2.0,3.0,1.7272727272727273,1.0,-2.0,1,4,19,11,0
32,20190430,13,1,24,10.0,3.0,1.5833333333333333,1.0,-2.0,1,-1,19,12,0
33,20190501,13,1,24,1.0,2.0,1.6666666666666667,1.0,-2.0,1,1,20,12,0
34,20190503,13,1,22,4.0,3.0,1.5384615384615385,1.0,-1.0,1,-1,20,13,0
35,20190504,13,1,22,7.0,6.0,1.6153846153846154,1.0,-1.0,1,1,21,13,0
36,20190505,13,1,22,5.0,8.0,1.6923076923076923,1.0,-1.0,0,2,22,13,0
37,20190506,13,0,1,5.0,3.0,1.5714285714285714,1.0,-1.0,1,-1,22,14,0
38,20190507,13,0,1,9.0,0.0,1.6428571428571428,1.0,-2.0,1,1,23,14,0
39,20190508,13,0,1,9.0,4.0,1.7142857142857142,1.0,-3.0,1,2,24,14,0
40,20190509,13,0,29,0.0,6.0,1.7857142857142858,1.0,-3.0,1,3,25,14,0
41,20190510,13,0,29,5.0,0.0,1.6666666666666667,1.0,-2.0,1,-1,25,15,0
42,20190511,13,0,29,2.0,5.0,1.7333333333333334,1.0,-3.0,1,1,26,15,0
43,20190512,13,0,29,6.0,0.0,1.625,1.0,-3.0,0,-1,26,16,0
44,20190514,13,0,22,6.0,3.0,1.6875,1.0,-4.0,1,1,27,16,0
45,20190515,13,0,22,2.0,0.0,1.75,1.0,-4.5,1,2,28,16,0
46,20190517,13,1,6,6.0,0.0,1.8125,1.0,-4.5,1,3,29,16,0
47,20190518,13,1,6,0.0,4.0,1.875,1.0,-4.5,0,4,30,16,0
48,20190519,13,1,6,8.0,3.0,1.7647058823529411,1.0,-4.5,0,-1,30,17,0
49,20190521,13,1,26,7.0,3.0,1.8235294117647058,1.0,-5.5,1,1,31,17,0
50,20190522,13,1,26,1.0,8.0,1.8823529411764706,1.0,-7.0,1,2,32,17,0
51,20190524,13,1,21,10.0,2.0,1.7777777777777777,1.0,-6.0,1,-1,32,18,0
52,20190525,13,1,21,7.0,2.0,1.8333333333333333,1.0,-6.0,1,1,33,18,0
53,20190526,13,1,21,11.0,7.0,1.8888888888888888,1.0,-6.0,0,2,34,18,0
54,20190527,13,0,17,9.0,5.0,1.9444444444444444,1.0,-7.0,1,3,35,18,0
55,20190528,13,0,17,3.0,7.0,2.0,1.0,-8.0,1,4,36,18,0
56,20190529,13,0,17,9.0,8.0,1.894736842105263,1.0,-7.0,1,-1,36,19,0
57,20190530,13,0,17,2.0,0.0,1.9473684210526316,1.0,-8.0,1,1,37,19,0
58,20190531,13,0,20,6.0,3.0,2.0,1.0,-8.5,1,2,38,19,0
59,20190601,13,0,20,4.0,3.0,2.0526315789473686,1.0,-8.5,1,3,39,19,0
60,20190602,13,0,20,8.0,0.0,2.1052631578947367,1.0,-9.0,0,4,40,19,0
61,20190603,13,1,0,3.0,1.0,2.1578947368421053,1.0,-9.0,1,5,41,19,0
62,20190604,13,1,0,9.0,0.0,2.210526315789474,1.0,-9.5,1,6,42,19,0
63,20190605,13,1,0,2.0,3.0,2.263157894736842,1.0,-0.5,0,7,43,19,0
64,20190607,13,1,24,1.0,2.0,2.15,1.0,-0.5,1,-1,43,20,0
65,20190608,13,1,24,7.0,2.0,2.0476190476190474,1.0,-9.0,0,-2,43,21,0
66,20190609,13,1,24,1.0,0.0,2.0952380952380953,1.0,-0.0,0,1,44,21,0
67,20190610,13,1,12,3.0,5.0,2.142857142857143,1.0,-1.0,1,2,45,21,0
68,20190611,13,1,12,3.0,5.0,2.0454545454545454,1.0,-0.0,1,-1,45,22,0
69,20190613,13,0,4,7.0,3.0,1.9565217391304348,1.0,-9.0,1,-2,45,23,0
70,20190614,13,0,4,5.0,3.0,2.0,1.0,-9.5,1,1,46,23,0
71,20190615,13,0,4,1.0,2.0,2.0434782608695654,1.0,-0.5,1,2,47,23,0
72,20190616,13,0,4,3.0,2.0,1.9583333333333333,1.0,-9.5,0,-1,47,24,0
73,20190617,13,0,24,2.0,3.0,2.0,1.0,-0.5,1,1,48,24,0
74,20190618,13,0,24,9.0,0.0,1.92,1.0,-0.0,1,-1,48,25,0
75,20190619,13,0,24,9.0,2.0,1.96,1.0,-0.0,1,1,49,25,0
76,20190620,13,0,24,9.0,8.0,2.0,1.0,-0.0,1,2,50,25,0
77,20190621,13,0,8,4.0,2.0,2.04,1.0,-0.0,1,3,51,25,0
78,20190622,13,0,8,5.0,4.0,2.08,1.0,-1.0,0,4,52,25,0
79,20190623,13,0,8,6.0,3.0,2.12,1.0,-2.0,0,5,53,25,0
80,20190624,13,1,0,5.0,8.0,2.16,1.0,-3.0,1,6,54,25,0
81,20190625,13,1,0,3.0,2.0,2.076923076923077,1.0,-2.0,1,-1,54,26,0
82,20190626,13,1,0,2.0,8.0,2.1153846153846154,1.0,-3.0,0,1,55,26,0
83,20190627,13,1,8,12.0,8.0,2.037037037037037,1.0,-2.0,1,-1,55,27,0
84,20190628,13,1,8,9.0,13.0,2.074074074074074,1.0,-3.0,1,1,56,27,0
85,20190629,13,1,8,3.0,5.0,2.0,1.0,-2.0,1,-1,56,28,0
86,20190630,13,1,8,10.0,5.0,1.9310344827586208,1.0,-1.0,0,-2,56,29,0
87,20190702,13,0,0,5.0,4.0,1.9655172413793103,1.0,-2.0,1,1,57,29,0
88,20190703,13,0,0,5.0,4.0,2.0,1.0,-3.0,1,2,58,29,0
89,20190704,13,0,22,5.0,1.0,2.0344827586206895,1.0,-4.0,1,3,59,29,0
90,20190705,13,0,22,2.0,3.0,2.0689655172413794,1.0,-4.5,1,4,60,29,0
91,20190706,13,0,22,1.0,3.0,2.0,1.0,-4.5,1,-1,60,30,0
92,20190707,13,0,22,3.0,5.0,1.935483870967742,1.0,-4.5,0,-2,60,31,0
93,20190712,13,1,3,1.0,8.0,1.875,1.0,-3.5,1,-3,60,32,0
94,20190713,13,1,3,11.0,2.0,1.8181818181818181,1.0,-2.5,1,-4,60,33,0
95,20190714,13,1,3,7.0,4.0,1.8484848484848484,1.0,-3.5,1,1,61,33,0
96,20190715,13,1,20,16.0,2.0,1.878787878787879,1.0,-4.5,1,2,62,33,0
97,20190716,13,1,20,8.0,9.0,1.9090909090909092,1.0,-5.0,1,3,63,33,0
98,20190717,13,1,20,7.0,2.0,1.8529411764705883,1.0,-4.0,1,-1,63,34,0
99,20190718,13,1,20,6.0,7.0,1.8823529411764706,1.0,-4.0,0,1,64,34,0
100,20190719,13,0,14,2.0,1.0,1.8285714285714285,1.0,-4.0,1,-1,64,35,0
101,20190720,13,0,14,10.0,6.0,1.8571428571428572,1.0,-4.0,1,1,65,35,0
102,20190721,13,0,14,9.0,0.0,1.8857142857142857,1.0,-5.0,0,2,66,35,0
103,20190723,13,0,12,4.0,5.0,1.9142857142857144,1.0,-6.0,1,3,67,35,0
104,20190724,13,0,12,2.0,3.0,1.8611111111111112,1.0,-4.5,1,-1,67,36,0
105,20190726,13,1,29,4.0,2.0,1.8108108108108107,1.0,-4.5,1,-2,67,37,0
106,20190727,13,1,29,9.0,3.0,1.837837837837838,1.0,-4.5,0,1,68,37,0
107,20190728,13,1,29,4.0,11.0,1.864864864864865,1.0,-5.5,0,2,69,37,0
108,20190729,13,1,8,1.0,9.0,1.8157894736842106,1.0,-4.5,1,-1,69,38,0
109,20190730,13,1,8,9.0,4.0,1.7692307692307692,1.0,-4.0,1,-2,69,39,0
110,20190731,13,1,8,5.0,1.0,1.794871794871795,1.0,-5.0,0,1,70,39,0
111,20190801,13,0,22,8.0,2.0,1.8205128205128205,1.0,-5.0,1,2,71,39,0
112,20190802,13,0,22,2.0,5.0,1.8461538461538463,1.0,-6.0,1,3,72,39,0
113,20190803,13,0,22,4.0,1.0,1.8,1.0,-6.0,1,-1,72,40,0
114,20190804,13,0,22,11.0,10.0,1.825,1.0,-6.0,0,1,73,40,0
115,20190805,13,0,25,8.0,0.0,1.85,1.0,-7.0,1,2,74,40,0
116,20190806,13,0,25,3.0,1.0,1.875,1.0,-8.0,1,3,75,40,0
117,20190807,13,0,25,2.0,1.0,1.9,1.0,-8.0,0,4,76,40,0
118,20190809,13,0,0,2.0,3.0,1.925,1.0,-8.0,1,5,77,40,0
119,20190810,13,0,0,4.0,0.0,1.8780487804878048,1.0,-7.0,1,-1,77,41,0
120,20190811,13,0,0,9.0,3.0,1.9024390243902438,1.0,-8.0,0,1,78,41,0
121,20190813,13,1,14,15.0,1.0,1.9268292682926829,1.0,-9.0,1,2,79,41,0
122,20190814,13,1,14,9.0,1.0,1.951219512195122,1.0,-8.5,1,3,80,41,0
123,20190815,13,1,14,7.0,13.0,1.975609756097561,1.0,-9.5,0,4,81,41,0
124,20190816,13,1,1,8.0,3.0,1.9285714285714286,1.0,-9.5,1,-1,81,42,0
125,20190817,13,1,1,3.0,4.0,1.9523809523809523,1.0,-9.5,1,1,82,42,0
126,20190818,13,1,1,3.0,5.0,1.9069767441860466,1.0,-8.5,0,-1,82,43,0
127,20190820,13,0,28,16.0,3.0,1.8636363636363635,1.0,-8.5,1,-2,82,44,0
128,20190821,13,0,28,2.0,1.0,1.8863636363636365,1.0,-9.0,1,1,83,44,0
129,20190822,13,0,28,3.0,2.0,1.9090909090909092,1.0,-0.0,1,2,84,44,0
130,20190823,13,0,18,2.0,10.0,1.9318181818181819,1.0,-0.5,1,3,85,44,0
131,20190824,13,0,18,2.0,1.0,1.8888888888888888,1.0,-0.5,0,-1,85,45,0
132,20190825,13,0,18,1.0,5.0,1.9111111111111112,1.0,-1.0,0,1,86,45,0
133,20190826,13,1,22,3.0,4.0,1.8695652173913044,1.0,-0.0,1,-1,86,46,0
134,20190827,13,1,22,9.0,0.0,1.8297872340425532,1.0,-9.5,1,-2,86,47,0
135,20190828,13,1,22,6.0,4.0,1.851063829787234,1.0,-9.5,1,1,87,47,0
136,20190829,13,1,0,5.0,11.0,1.872340425531915,1.0,-0.0,1,2,88,47,0
137,20190830,13,1,0,4.0,5.0,1.8333333333333333,1.0,-9.0,1,-1,88,48,0
138,20190831,13,1,0,5.0,6.0,1.7959183673469388,1.0,-8.0,1,-2,88,49,0
139,20190901,13,1,0,4.0,3.0,1.76,1.0,-7.0,0,-3,88,50,0
140,20190902,13,0,8,16.0,9.0,1.78,1.0,-8.0,1,1,89,50,0
141,20190903,13,0,8,5.0,3.0,1.8,1.0,-8.0,1,2,90,50,0
142,20190904,13,0,8,7.0,3.0,1.82,1.0,-8.0,1,3,91,50,0
143,20190906,13,0,24,4.0,5.0,1.84,1.0,-8.0,1,4,92,50,0
144,20190907,13,0,24,0.0,1.0,1.803921568627451,1.0,-7.0,1,-1,92,51,0
145,20190908,13,0,24,5.0,0.0,1.7692307692307692,1.0,-6.0,0,-2,92,52,0
146,20190910,13,1,2,7.0,3.0,1.7884615384615385,1.0,-7.0,1,1,93,52,0
147,20190911,13,1,2,3.0,7.0,1.8076923076923077,1.0,-8.5,1,2,94,52,0
148,20190912,13,1,2,4.0,2.0,1.7735849056603774,1.0,-8.5,1,-1,94,53,0
149,20190913,13,1,17,9.0,2.0,1.7924528301886793,1.0,-9.5,1,1,95,53,0
150,20190914,13,1,17,0.0,3.0,1.8113207547169812,1.0,-0.5,1,2,96,53,0
151,20190915,13,1,17,3.0,2.0,1.7777777777777777,1.0,-9.5,1,-1,96,54,0
152,20190917,13,0,26,7.0,5.0,1.7962962962962963,1.0,-0.5,1,1,97,54,0
153,20190918,13,0,26,7.0,8.0,1.8148148148148149,1.0,-1.0,1,2,98,54,0
154,20190920,13,0,8,12.0,5.0,1.7818181818181817,1.0,-0.0,1,-1,98,55,0
155,20190921,13,0,8,2.0,4.0,1.8,1.0,-0.0,1,1,99,55,0
156,20190922,13,0,8,7.0,4.0,1.7678571428571428,1.0,-9.0,0,-1,99,56,0
157,20190924,13,1,22,6.0,3.0,1.7857142857142858,1.0,-0.0,1,1,100,56,0
158,20190925,13,1,22,6.0,4.0,1.8035714285714286,1.0,-0.5,1,2,101,56,0
159,20190926,13,1,22,1.0,0.0,1.8214285714285714,1.0,-0.5,0,3,102,56,0
160,20190927,13,1,24,9.0,2.0,1.8392857142857142,1.0,-1.0,1,4,103,56,0
161,20190928,13,1,24,2.0,0.0,1.8571428571428572,1.0,-1.0,0,5,104,56,0
162,20190929,13,1,24,9.0,0.0,1.875,1.0,-1.0,0,6,105,56,0
1,20200723,13,0,24,8.0,1.0,0,1.0,0,1,0,0,0,0
2,20200724,13,0,24,9.0,1.0,1.0,1.0,-0.5,1,1,1,0,0
3,20200725,13,0,24,4.0,5.0,2.0,1.0,-0.5,0,2,2,0,0
4,20200726,13,0,24,1.0,3.0,2.0,2.0,0.5,1,-1,2,1,0
5,20200728,13,1,10,5.0,2.0,1.0,3.0,0.5,1,-2,2,2,0
6,20200729,13,1,10,4.0,2.0,1.5,3.0,1.0,1,1,3,2,0
7,20200730,13,1,0,6.0,3.0,2.0,2.0,0.5,1,2,4,2,0
8,20200731,13,1,0,3.0,5.0,2.5,1.0,0,1,3,5,2,0
9,20200801,13,1,0,11.0,2.0,1.6666666666666667,2.0,1.0,1,-1,5,3,0
10,20200802,13,1,0,3.0,0.0,2.0,1.0,0,0,1,6,3,0
11,20200803,13,1,22,4.0,5.0,2.3333333333333335,1.0,0,1,2,7,3,0
12,20200804,13,1,22,5.0,2.0,1.75,2.0,1.0,1,-1,7,4,0
13,20200805,13,1,22,7.0,6.0,2.0,2.0,1.0,1,1,8,4,0
14,20200807,13,0,24,7.0,2.0,2.25,1.0,0,1,2,9,4,0
15,20200808,13,0,24,4.0,5.0,2.5,2.0,0.5,1,3,10,4,0
16,20200809,13,0,24,6.0,2.0,2.0,2.0,1.5,0,-1,10,5,0
17,20200810,13,0,22,1.0,2.0,2.2,2.0,0.5,1,1,11,5,0
18,20200811,13,0,22,2.0,6.0,1.8333333333333333,2.0,0.5,1,-1,11,6,0
19,20200812,13,0,22,6.0,0.0,1.5714285714285714,2.0,1.5,1,-2,11,7,0
20,20200813,13,0,22,11.0,2.0,1.7142857142857142,2.0,0.5,1,1,12,7,0
21,20200814,13,1,12,7.0,4.0,1.8571428571428572,1.0,0,1,2,13,7,0
22,20200815,13,1,12,6.0,5.0,2.0,1.0,-1.0,1,3,14,7,0
23,20200816,13,1,12,8.0,3.0,2.142857142857143,1.0,-2.0,0,4,15,7,0
24,20200817,13,0,23,11.0,9.0,2.2857142857142856,1.0,-2.0,1,5,16,7,0
25,20200818,13,0,23,2.0,1.0,2.4285714285714284,1.0,-3.0,0,6,17,7,0
26,20200819,13,1,23,4.0,6.0,2.5714285714285716,1.0,-4.0,1,7,18,7,0
27,20200820,13,1,23,6.0,1.0,2.25,1.0,-4.0,0,-1,18,8,0
28,20200821,13,0,8,5.0,1.0,2.375,1.0,-4.0,1,1,19,8,0
29,20200822,13,0,8,4.0,3.0,2.5,1.0,-4.0,1,2,20,8,0
30,20200823,13,0,8,11.0,3.0,2.625,1.0,-4.0,0,3,21,8,0
31,20200825,13,1,24,8.0,10.0,2.75,1.0,-4.0,1,4,22,8,0
32,20200827,13,1,24,7.0,0.0,2.4444444444444446,1.0,-4.0,0,-1,22,9,1
33,20200827,13,1,24,2.0,0.0,2.5555555555555554,1.0,-5.0,0,1,23,9,1
34,20200828,13,1,27,2.0,6.0,2.6666666666666665,1.0,-5.0,1,2,24,9,0
35,20200829,13,1,27,7.0,4.0,2.4,1.0,-4.0,1,-1,24,10,0
36,20200830,13,1,27,7.0,2.0,2.5,1.0,-5.0,0,1,25,10,0
37,20200901,13,0,0,6.0,3.0,2.6,1.0,-5.0,1,2,26,10,0
38,20200902,13,0,0,3.0,2.0,2.7,1.0,-5.0,1,3,27,10,0
39,20200903,13,0,0,5.0,1.0,2.8,1.0,-5.0,1,4,28,10,0
40,20200904,13,0,8,10.0,6.0,2.9,1.0,-6.0,1,5,29,10,0
41,20200905,13,0,8,2.0,5.0,3.0,1.0,-6.0,1,6,30,10,0
42,20200906,13,0,8,6.0,7.0,2.727272727272727,1.0,-6.0,1,-1,30,11,0
43,20200908,13,1,0,10.0,9.0,2.5,1.0,-5.0,1,-2,30,12,0
44,20200909,13,1,0,6.0,4.0,2.5833333333333335,1.0,-4.5,1,1,31,12,0
45,20200910,13,1,0,2.0,5.0,2.6666666666666665,1.0,-4.5,1,2,32,12,0
46,20200912,13,0,10,5.0,7.0,2.4615384615384617,1.0,-3.5,1,-1,32,13,0
47,20200913,13,0,10,8.0,1.0,2.2857142857142856,1.0,-3.0,1,-2,32,14,0
48,20200914,13,1,22,2.0,7.0,2.357142857142857,1.0,-2.5,1,1,33,14,0
49,20200915,13,1,22,3.0,1.0,2.2,1.0,-1.5,1,-1,33,15,0
50,20200916,13,1,22,7.0,5.0,2.2666666666666666,1.0,-2.5,0,1,34,15,0
51,20200917,13,1,8,9.0,3.0,2.3333333333333335,1.0,-3.5,1,2,35,15,0
52,20200918,13,1,8,15.0,6.0,2.4,1.0,-4.0,1,3,36,15,0
53,20200919,13,1,8,6.0,1.0,2.466666666666667,1.0,-4.0,1,4,37,15,0
54,20200920,13,1,8,3.0,6.0,2.533333333333333,1.0,-5.0,0,5,38,15,0
55,20200922,13,0,19,7.0,2.0,2.375,1.0,-4.0,1,-1,38,16,0
56,20200923,13,0,19,4.0,6.0,2.4375,1.0,-5.0,1,1,39,16,0
57,20200924,13,0,19,5.0,1.0,2.2941176470588234,1.0,-5.0,1,-1,39,17,0
58,20200925,13,0,12,9.0,5.0,2.3529411764705883,1.0,-5.5,1,1,40,17,0
59,20200926,13,0,12,7.0,6.0,2.411764705882353,1.0,-6.0,1,2,41,17,0
60,20200927,13,0,12,5.0,0.0,2.4705882352941178,1.0,-6.0,0,3,42,17,0
1,20210401,13,1,8,5.0,8.0,0,1.0,0,0,0,0,0,0
2,20210402,13,1,8,11.0,6.0,0.0,3.0,1.0,1,-1,0,1,0
3,20210403,13,1,8,6.0,5.0,1.0,2.0,1.0,1,1,1,1,0
4,20210404,13,1,8,4.0,2.0,2.0,2.0,1.0,0,2,2,1,0
5,20210405,13,1,19,10.0,3.0,3.0,1.0,0,1,3,3,1,0
6,20210406,13,1,19,5.0,1.0,4.0,1.0,-1.0,1,4,4,1,0
7,20210407,13,1,19,3.0,4.0,5.0,1.0,-1.0,0,5,5,1,0
8,20210409,13,0,29,1.0,0.0,2.5,1.0,-1.0,0,-1,5,2,0
9,20210410,13,0,29,9.0,5.0,3.0,1.0,-1.0,1,1,6,2,0
10,20210411,13,0,29,3.0,0.0,3.5,1.0,-1.0,0,2,7,2,0
11,20210413,13,0,8,7.0,0.0,4.0,1.0,-1.0,1,3,8,2,0
12,20210414,13,0,8,4.0,2.0,4.5,1.0,-1.5,1,4,9,2,0
13,20210415,13,0,8,7.0,5.0,5.0,1.0,-2.0,1,5,10,2,0
14,20210416,13,1,22,11.0,6.0,5.5,1.0,-2.5,1,6,11,2,0
15,20210417,13,1,22,2.0,0.0,6.0,1.0,-3.5,1,7,12,2,0
16,20210418,13,1,22,2.0,5.0,6.5,1.0,-4.5,0,8,13,2,0
17,20210419,13,1,23,3.0,4.0,4.333333333333333,1.0,-3.5,1,-1,13,3,0
18,20210420,13,1,23,1.0,0.0,3.25,1.0,-2.5,0,-2,13,4,0
19,20210422,13,0,22,2.0,3.0,3.5,1.0,-2.5,1,1,14,4,0
20,20210423,13,0,22,1.0,6.0,2.8,1.0,-2.0,1,-1,14,5,0
21,20210424,13,0,22,5.0,4.0,2.3333333333333335,1.0,-1.0,1,-2,14,6,0
22,20210425,13,0,22,7.0,8.0,2.5,1.0,-2.0,0,1,15,6,0
23,20210426,13,0,6,3.0,5.0,2.142857142857143,1.0,-1.0,1,-1,15,7,0
24,20210427,13,0,6,5.0,6.0,1.875,1.0,0,1,-2,15,8,0
25,20210428,13,0,6,8.0,0.0,1.6666666666666667,1.0,0,0,-3,15,9,0
26,20210429,13,1,15,1.0,2.0,1.7777777777777777,1.0,0,1,1,16,9,0
27,20210430,13,1,15,1.0,3.0,1.6,2.0,0.5,1,-1,16,10,0
28,20210501,13,1,15,5.0,6.0,1.4545454545454546,2.0,0.5,1,-2,16,11,0
29,20210502,13,1,15,16.0,4.0,1.3333333333333333,2.0,0.5,0,-3,16,12,0
30,20210504,13,1,4,1.0,7.0,1.4166666666666667,2.0,0.5,0,1,17,12,1
31,20210504,13,1,4,3.0,4.0,1.3076923076923077,2.0,1.5,1,-1,17,13,1
32,20210505,13,1,4,5.0,6.0,1.2142857142857142,2.0,1.5,1,-2,17,14,0
33,20210507,13,1,12,2.0,9.0,1.1333333333333333,3.0,1.5,1,-3,17,15,0
34,20210508,13,1,12,14.0,11.0,1.0625,3.0,2.5,1,-4,17,16,0
35,20210509,13,1,12,1.0,2.0,1.125,2.0,2.5,0,1,18,16,0
36,20210511,13,0,23,6.0,4.0,1.0588235294117647,3.0,2.5,1,-1,18,17,0
37,20210512,13,0,23,7.0,1.0,1.1176470588235294,3.0,3.0,1,1,19,17,0
38,20210514,13,0,14,9.0,6.0,1.1764705882352942,3.0,2.5,1,2,20,17,0
39,20210515,13,0,14,7.0,0.0,1.2352941176470589,3.0,2.0,1,3,21,17,0
40,20210516,13,0,14,2.0,3.0,1.2941176470588236,3.0,1.0,0,4,22,17,0
41,20210517,13,0,0,3.0,1.0,1.2222222222222223,3.0,2.0,1,-1,22,18,0
42,20210518,13,0,0,9.0,1.0,1.2777777777777777,3.0,2.0,1,1,23,18,0
43,20210519,13,0,0,4.0,2.0,1.3333333333333333,3.0,2.0,1,2,24,18,0
44,20210520,13,0,0,3.0,2.0,1.3888888888888888,3.0,2.0,1,3,25,18,0
45,20210521,13,1,24,2.0,1.0,1.4444444444444444,3.0,2.0,1,4,26,18,0
46,20210522,13,1,24,6.0,3.0,1.5,3.0,1.0,0,5,27,18,0
47,20210523,13,1,24,11.0,5.0,1.5555555555555556,2.0,1.0,0,6,28,18,0
48,20210525,13,1,10,9.0,2.0,1.6111111111111112,2.0,1.0,1,7,29,18,0
49,20210526,13,1,10,2.0,5.0,1.6666666666666667,2.0,0.5,1,8,30,18,0
50,20210527,13,0,24,4.0,3.0,1.5789473684210527,2.0,1.5,1,-1,30,19,0
51,20210528,13,0,24,5.0,8.0,1.631578947368421,2.0,0.5,1,1,31,19,0
52,20210529,13,0,24,6.0,11.0,1.55,2.0,1.5,0,-1,31,20,0
53,20210530,13,0,24,4.0,5.0,1.4761904761904763,3.0,2.5,0,-2,31,21,0
54,20210531,13,0,25,9.0,4.0,1.4090909090909092,3.0,2.5,1,-3,31,22,0
55,20210601,13,0,25,2.0,3.0,1.4545454545454546,3.0,2.0,1,1,32,22,0
56,20210602,13,0,25,14.0,3.0,1.391304347826087,3.0,2.0,1,-1,32,23,0
57,20210604,13,1,1,9.0,5.0,1.434782608695652,3.0,1.5,1,1,33,23,0
58,20210605,13,1,1,4.0,6.0,1.4782608695652173,3.0,2.0,1,2,34,23,0
59,20210606,13,1,1,2.0,4.0,1.4166666666666667,3.0,3.0,0,-1,34,24,0
60,20210608,13,1,21,5.0,3.0,1.36,3.0,3.0,1,-2,34,25,0
61,20210609,13,1,21,2.0,1.0,1.4,3.0,3.0,1,1,35,25,0
62,20210610,13,1,21,6.0,3.0,1.44,2.0,2.0,0,2,36,25,0
63,20210611,13,0,27,12.0,1.0,1.48,2.0,1.5,1,3,37,25,0
64,20210612,13,0,27,1.0,12.0,1.52,2.0,1.5,1,4,38,25,0
65,20210613,13,0,27,5.0,3.0,1.4615384615384615,2.0,2.0,0,-1,38,26,0
66,20210614,13,0,20,3.0,1.0,1.5,2.0,1.0,1,1,39,26,0
67,20210615,13,0,20,5.0,3.0,1.5384615384615385,2.0,1.0,1,2,40,26,0
68,20210616,13,0,20,0.0,2.0,1.5769230769230769,2.0,1.0,1,3,41,26,0
69,20210618,13,1,0,3.0,0.0,1.5185185185185186,2.0,2.0,1,-1,41,27,0
70,20210619,13,1,0,9.0,3.0,1.5555555555555556,2.0,2.5,1,1,42,27,0
71,20210620,13,1,0,9.0,8.0,1.5925925925925926,2.0,1.5,0,2,43,27,0
72,20210621,13,1,22,2.0,6.0,1.6296296296296295,2.0,1.5,1,3,44,27,0
73,20210622,13,1,22,2.0,3.0,1.5714285714285714,2.0,2.0,1,-1,44,28,0
74,20210623,13,1,22,3.0,5.0,1.5172413793103448,2.0,3.0,1,-2,44,29,0
75,20210624,13,0,4,0.0,4.0,1.4666666666666666,2.0,4.0,1,-3,44,30,0
76,20210625,13,0,4,6.0,2.0,1.4193548387096775,2.0,4.5,1,-4,44,31,0
77,20210626,13,0,4,3.0,2.0,1.4516129032258065,2.0,4.5,0,1,45,31,0
78,20210627,13,0,4,7.0,1.0,1.4838709677419355,2.0,4.5,0,2,46,31,0
79,20210628,13,0,24,3.0,2.0,1.5161290322580645,2.0,3.5,1,3,47,31,0
80,20210629,13,0,24,3.0,1.0,1.5483870967741935,2.0,2.5,1,4,48,31,0
81,20210701,13,1,29,6.0,2.0,1.5806451612903225,2.0,1.5,1,5,49,31,0
82,20210702,13,1,29,10.0,5.0,1.6129032258064515,2.0,0.5,1,6,50,31,0
83,20210703,13,1,29,5.0,3.0,1.6451612903225807,2.0,0.5,1,7,51,31,0
84,20210704,13,1,29,5.0,1.0,1.6774193548387097,2.0,0.5,0,8,52,31,0
85,20210705,13,1,14,4.0,5.0,1.7096774193548387,2.0,0.5,1,9,53,31,0
86,20210706,13,1,14,1.0,2.0,1.65625,2.0,0.5,1,-1,53,32,0
87,20210707,13,1,14,6.0,9.0,1.606060606060606,2.0,0.5,1,-2,53,33,0
88,20210708,13,1,14,6.0,1.0,1.5588235294117647,2.0,1.5,0,-3,53,34,0
89,20210709,13,0,0,2.0,5.0,1.588235294117647,2.0,1.0,1,1,54,34,0
90,20210710,13,0,0,22.0,1.0,1.542857142857143,2.0,2.0,1,-1,54,35,0
91,20210711,13,0,0,7.0,4.0,1.5714285714285714,2.0,2.0,0,1,55,35,0
92,20210716,13,1,8,10.0,4.0,1.6,2.0,2.0,1,2,56,35,0
93,20210717,13,1,8,9.0,2.0,1.6285714285714286,2.0,2.0,1,3,57,35,0
94,20210718,13,1,8,5.0,6.0,1.6571428571428573,2.0,1.0,0,4,58,35,0
95,20210719,13,0,24,2.0,7.0,1.6111111111111112,2.0,1.0,1,-1,58,36,0
96,20210720,13,0,24,8.0,6.0,1.5675675675675675,2.0,2.0,1,-2,58,37,0
97,20210721,13,0,24,2.0,4.0,1.5945945945945945,2.0,1.0,1,1,59,37,0
98,20210722,13,0,24,3.0,5.0,1.5526315789473684,2.0,2.0,1,-1,59,38,0
99,20210723,13,0,8,6.0,9.0,1.5128205128205128,2.0,3.0,1,-2,59,39,0
100,20210724,13,0,8,1.0,0.0,1.475,2.0,3.0,1,-3,59,40,0
101,20210725,13,0,8,3.0,2.0,1.5,2.0,2.0,0,1,60,40,0
102,20210727,13,1,24,1.0,2.0,1.525,2.0,2.0,1,2,61,40,0
103,20210728,13,1,24,8.0,0.0,1.4878048780487805,2.0,3.0,1,-1,61,41,0
104,20210729,13,1,24,0.0,5.0,1.5121951219512195,2.0,2.0,0,1,62,41,0
105,20210730,13,1,0,5.0,6.0,1.4761904761904763,2.0,3.0,1,-1,62,42,0
106,20210731,13,1,0,8.0,3.0,1.441860465116279,2.0,3.0,1,-2,62,43,0
107,20210801,13,1,0,13.0,0.0,1.4651162790697674,2.0,3.0,0,1,63,43,0
108,20210803,13,0,10,0.0,3.0,1.4883720930232558,2.0,3.0,1,2,64,43,0
109,20210804,13,0,10,7.0,5.0,1.4545454545454546,2.0,3.5,1,-1,64,44,0
110,20210806,13,0,12,3.0,4.0,1.4772727272727273,2.0,3.5,1,1,65,44,0
111,20210807,13,0,12,5.0,3.0,1.4444444444444444,2.0,4.0,1,-1,65,45,0
112,20210808,13,0,12,8.0,2.0,1.4666666666666666,2.0,4.0,0,1,66,45,0
113,20210810,13,1,20,5.0,0.0,1.488888888888889,2.0,4.0,1,2,67,45,0
114,20210811,13,1,20,8.0,2.0,1.511111111111111,2.0,4.0,1,3,68,45,0
115,20210812,13,1,20,1.0,2.0,1.5333333333333334,2.0,4.0,0,4,69,45,0
116,20210813,13,1,17,6.0,5.0,1.5,2.0,5.0,1,-1,69,46,0
117,20210814,13,1,17,2.0,1.0,1.5217391304347827,2.0,5.0,1,1,70,46,0
118,20210815,13,1,17,14.0,4.0,1.5434782608695652,2.0,4.0,1,2,71,46,0
119,20210816,13,0,21,2.0,1.0,1.565217391304348,2.0,4.0,1,3,72,46,0
120,20210817,13,0,21,4.0,3.0,1.5869565217391304,2.0,4.0,1,4,73,46,0
121,20210818,13,0,21,9.0,0.0,1.608695652173913,2.0,4.0,1,5,74,46,0
122,20210819,13,0,17,4.0,1.0,1.6304347826086956,2.0,3.0,1,6,75,46,0
123,20210820,13,0,17,3.0,2.0,1.6521739130434783,2.0,2.5,1,7,76,46,0
124,20210821,13,0,17,4.0,3.0,1.673913043478261,2.0,1.5,0,8,77,46,0
125,20210822,13,0,17,2.0,7.0,1.6956521739130435,2.0,1.5,0,9,78,46,0
126,20210824,13,1,22,5.0,2.0,1.6595744680851063,2.0,2.5,1,-1,78,47,0
127,20210825,13,1,22,5.0,3.0,1.6808510638297873,2.0,2.5,1,1,79,47,0
128,20210826,13,1,22,4.0,0.0,1.702127659574468,2.0,2.5,1,2,80,47,0
129,20210827,13,0,8,2.0,4.0,1.7234042553191489,2.0,2.5,1,3,81,47,0
130,20210828,13,0,8,5.0,2.0,1.6875,2.0,2.5,1,-1,81,48,0
131,20210829,13,0,8,0.0,5.0,1.7083333333333333,2.0,2.5,0,1,82,48,0
132,20210830,13,0,1,5.0,3.0,1.6734693877551021,2.0,2.5,1,-1,82,49,0
133,20210831,13,0,1,3.0,2.0,1.6938775510204083,2.0,1.5,1,1,83,49,0
134,20210901,13,0,1,4.0,3.0,1.7142857142857142,2.0,0.5,1,2,84,49,0
135,20210903,13,1,24,2.0,3.0,1.7346938775510203,1.0,-0.5,1,3,85,49,0
136,20210904,13,1,24,6.0,1.0,1.7,2.0,1.0,1,-1,85,50,0
137,20210905,13,1,24,4.0,6.0,1.72,1.0,0,0,1,86,50,0
138,20210906,13,1,25,5.0,1.0,1.6862745098039216,2.0,1.0,0,-1,86,51,0
139,20210907,13,1,25,7.0,2.0,1.7058823529411764,2.0,1.0,1,1,87,51,0
140,20210908,13,1,25,4.0,5.0,1.7254901960784315,2.0,1.0,1,2,88,51,0
141,20210909,13,1,25,1.0,2.0,1.6923076923076923,2.0,2.0,0,-1,88,52,0
142,20210910,13,0,22,3.0,0.0,1.6603773584905661,2.0,2.5,1,-2,88,53,0
143,20210911,13,0,22,5.0,4.0,1.679245283018868,2.0,2.5,1,1,89,53,0
144,20210912,13,0,22,8.0,0.0,1.6981132075471699,2.0,2.5,0,2,90,53,0
145,20210913,13,0,0,5.0,1.0,1.7169811320754718,2.0,2.5,1,3,91,53,0
146,20210914,13,0,0,8.0,4.0,1.7358490566037736,2.0,2.5,1,4,92,53,0
147,20210915,13,0,0,5.0,3.0,1.7547169811320755,2.0,2.5,1,5,93,53,0
148,20210917,13,1,6,1.0,3.0,1.7735849056603774,2.0,1.5,1,6,94,53,0
149,20210918,13,1,6,5.0,1.0,1.7407407407407407,2.0,2.0,0,-1,94,54,0
150,20210919,13,1,6,8.0,5.0,1.7592592592592593,2.0,2.0,0,1,95,54,0
151,20210921,13,1,8,5.0,4.0,1.7777777777777777,2.0,1.0,1,2,96,54,0
152,20210922,13,1,8,5.0,10.0,1.7962962962962963,2.0,1.0,1,3,97,54,0
153,20210923,13,1,8,7.0,5.0,1.7636363636363637,2.0,2.0,0,-1,97,55,0
154,20210924,13,1,0,4.0,2.0,1.7818181818181817,2.0,1.0,1,1,98,55,0
155,20210925,13,1,0,2.0,7.0,1.8,2.0,1.0,1,2,99,55,0
156,20210926,13,1,0,3.0,0.0,1.7678571428571428,2.0,2.0,0,-1,99,56,0
157,20210928,13,0,22,2.0,1.0,1.7857142857142858,2.0,2.0,1,1,100,56,0
158,20210929,13,0,22,11.0,9.0,1.8035714285714286,2.0,2.0,1,2,101,56,0
159,20210930,13,0,22,8.0,3.0,1.8214285714285714,2.0,2.0,1,3,102,56,0
160,20211001,13,0,15,8.0,6.0,1.8392857142857142,2.0,2.0,1,4,103,56,0
161,20211002,13,0,15,8.0,3.0,1.8571428571428572,2.0,2.0,1,5,104,56,0
162,20211003,13,0,15,10.0,3.0,1.875,2.0,1.0,0,6,105,56,0
