,Tm,Home_Away,Opp,R,W-L,Rank,GB,D/N,Streak,Wins,Losses,DoubleHeader
0,24,1,0,4.0,0.0,1.0,0.0,0,0,0,0,0
1,24,1,0,4.0,0.0,4.0,1.5,0,-1,0,1,0
2,24,1,0,6.0,0.0,4.0,2.5,0,-2,0,2,0
3,24,1,8,7.0,0.0,5.0,3.0,0,-3,0,3,0
4,24,1,8,8.0,0.3333333333333333,3.0,2.5,1,1,1,3,0
5,24,1,8,4.0,0.25,5.0,3.5,0,-1,1,4,0
6,24,0,21,5.0,0.5,3.0,3.5,0,1,2,4,0
7,24,0,21,4.0,0.75,3.0,3.5,1,2,3,4,0
8,24,0,21,1.0,1.0,3.0,3.5,0,3,4,4,0
9,24,0,20,2.0,0.8,3.0,4.5,1,-1,4,5,0
10,24,0,20,4.0,0.6666666666666666,3.0,5.0,1,-2,4,6,0
11,24,0,20,1.0,0.8333333333333334,3.0,4.0,1,1,5,6,0
12,24,1,17,4.0,1.0,3.0,3.0,1,2,6,6,0
13,24,1,17,4.0,1.1666666666666667,2.0,3.5,0,3,7,6,0
14,24,1,17,6.0,1.0,2.0,4.5,0,-1,7,7,1
15,24,1,17,7.0,1.1428571428571428,2.0,3.5,1,1,8,7,1
16,24,1,6,2.0,1.2857142857142858,2.0,3.5,1,2,9,7,0
17,24,1,6,2.0,1.125,2.0,3.5,1,-1,9,8,0
18,24,1,6,6.0,1.0,2.0,3.5,0,-2,9,9,0
19,24,0,22,3.0,1.1111111111111112,2.0,3.0,1,1,10,9,0
20,24,0,22,2.0,1.0,3.0,4.0,1,-1,10,10,0
21,24,0,22,4.0,1.1,2.0,4.0,0,1,11,10,0
22,24,0,14,1.0,1.2,2.0,4.0,1,2,12,10,0
23,24,0,14,2.0,1.0909090909090908,3.0,4.5,1,-1,12,11,0
24,24,0,14,2.0,1.0,3.0,4.5,0,-2,12,12,0
25,24,0,15,4.0,0.9230769230769232,4.0,5.0,1,-3,12,13,0
26,24,0,15,5.0,0.8571428571428571,4.0,5.0,0,-4,12,14,0
27,24,0,15,4.0,0.9285714285714286,3.0,5.0,0,1,13,14,0
28,24,1,13,1.0,1.0,2.0,4.0,1,2,14,14,0
29,24,1,13,2.0,0.9333333333333332,2.0,5.0,1,-1,14,15,0
30,24,1,13,2.0,1.0,2.0,4.0,1,1,15,15,0
31,24,1,0,1.0,0.9375,2.0,5.0,1,-1,15,16,0
32,24,1,0,5.0,0.8823529411764706,2.0,6.0,1,-2,15,17,0
33,24,1,0,7.0,0.9411764705882352,2.0,6.0,0,1,16,17,0
34,24,0,8,3.0,1.0,2.0,6.0,1,2,17,17,0
35,24,0,8,4.0,1.0588235294117647,2.0,6.0,1,3,18,17,0
36,24,0,25,1.0,1.0,2.0,6.0,1,-1,18,18,0
37,24,0,25,7.0,0.9473684210526316,2.0,6.0,0,-2,18,19,0
38,24,0,19,8.0,1.0,2.0,6.0,1,1,19,19,0
39,24,0,19,4.0,1.0526315789473684,2.0,6.0,0,2,20,19,0
40,24,0,19,2.0,1.105263157894737,2.0,6.0,0,3,21,19,0
41,24,1,15,4.0,1.05,2.0,7.0,1,-1,21,20,0
42,24,1,15,6.0,1.1,2.0,7.0,1,1,22,20,0
43,24,1,15,5.0,1.15,2.0,7.0,0,2,23,20,0
44,24,1,14,14.0,1.0952380952380951,2.0,7.0,1,-1,23,21,0
45,24,1,14,6.0,1.1428571428571428,2.0,6.5,1,1,24,21,0
46,24,1,14,3.0,1.0909090909090908,2.0,6.5,0,-1,24,22,0
47,24,1,14,3.0,1.0434782608695652,2.0,7.5,0,-2,24,23,0
48,24,0,0,4.0,1.0869565217391304,2.0,7.5,0,1,25,23,0
49,24,0,0,3.0,1.1304347826086956,2.0,6.5,1,2,26,23,0
50,24,0,0,1.0,1.173913043478261,2.0,5.5,1,3,27,23,0
51,24,0,4,4.0,1.125,2.0,5.5,1,-1,27,24,0
52,24,0,4,2.0,1.1666666666666667,2.0,4.0,0,1,28,24,0
53,24,0,4,2.0,1.2083333333333333,2.0,4.0,0,2,29,24,0
54,24,0,4,3.0,1.25,2.0,3.0,0,3,30,24,0
55,24,1,22,5.0,1.2916666666666667,2.0,3.0,1,4,31,24,0
56,24,1,22,6.0,1.24,2.0,4.0,0,-1,31,25,0
57,24,1,22,8.0,1.28,2.0,4.0,0,1,32,25,0
58,24,0,27,0.0,1.32,2.0,4.0,1,2,33,25,0
59,24,0,27,5.0,1.2692307692307692,2.0,4.0,0,-1,33,26,0
60,24,0,27,0.0,1.3076923076923077,2.0,4.0,0,1,34,26,0
61,24,0,10,6.0,1.2592592592592593,2.0,5.0,1,-1,34,27,0
62,24,0,10,10.0,1.2962962962962965,2.0,4.5,1,1,35,27,0
63,24,0,10,3.0,1.3333333333333333,2.0,3.5,0,2,36,27,0
64,24,1,23,4.0,1.2857142857142858,2.0,4.0,1,-1,36,28,0
65,24,1,23,4.0,1.3214285714285714,2.0,4.0,1,1,37,28,0
66,24,1,23,1.0,1.2758620689655171,2.0,4.0,0,-1,37,29,0
67,24,1,12,5.0,1.2333333333333334,2.0,5.0,1,-2,37,30,0
68,24,1,12,5.0,1.2666666666666666,2.0,4.5,1,1,38,30,0
69,24,1,12,0.0,1.2258064516129032,2.0,4.5,1,-1,38,31,0
70,24,1,19,5.0,1.1875,2.0,4.5,1,-2,38,32,0
71,24,1,19,9.0,1.21875,2.0,3.0,0,1,39,32,0
72,24,1,19,2.0,1.25,2.0,3.0,0,2,40,32,0
73,24,0,13,8.0,1.2121212121212122,2.0,3.0,1,-1,40,33,0
74,24,0,13,2.0,1.2424242424242424,2.0,2.0,1,1,41,33,0
75,24,0,13,3.0,1.2727272727272727,2.0,1.0,0,2,42,33,0
76,24,0,6,5.0,1.303030303030303,1.0,0.0,1,3,43,33,0
77,24,0,6,1.0,1.3333333333333333,1.0,-1.0,1,4,44,33,0
78,24,0,6,1.0,1.2941176470588236,1.0,-1.0,0,-1,44,34,0
79,24,0,6,4.0,1.2571428571428571,1.0,-1.0,0,-2,44,35,0
80,24,1,29,3.0,1.2857142857142858,1.0,-1.0,1,1,45,35,0
81,24,1,29,4.0,1.25,1.0,-0.5,0,-1,45,36,0
82,24,1,29,5.0,1.2162162162162162,2.0,0.5,1,-2,45,37,0
83,24,1,21,6.0,1.1842105263157894,2.0,1.5,1,-3,45,38,0
84,24,1,21,1.0,1.2105263157894737,2.0,0.5,0,1,46,38,0
85,24,1,21,2.0,1.1794871794871795,2.0,0.5,0,-1,46,39,0
86,24,0,10,5.0,1.15,2.0,0.5,1,-2,46,40,0
87,24,0,10,3.0,1.175,2.0,0.5,1,1,47,40,0
88,24,0,10,3.0,1.2,1.0,-0.5,0,2,48,40,0
89,24,1,1,9.0,1.225,1.0,-1.5,1,3,49,40,0
90,24,1,1,9.0,1.25,1.0,-3.0,1,4,50,40,0
91,24,1,1,2.0,1.275,1.0,-3.0,0,5,51,40,0
92,24,1,20,7.0,1.2439024390243902,1.0,-2.5,1,-1,51,41,0
93,24,1,20,6.0,1.2682926829268293,1.0,-2.5,0,1,52,41,0
94,24,1,20,3.0,1.2926829268292683,1.0,-2.5,0,2,53,41,0
95,24,0,22,7.0,1.261904761904762,1.0,-1.5,1,-1,53,42,0
96,24,0,22,3.0,1.2857142857142858,1.0,-1.5,1,1,54,42,0
97,24,0,22,3.0,1.3095238095238095,1.0,-2.5,0,2,55,42,0
98,24,0,13,3.0,1.2790697674418603,1.0,-2.5,1,-1,55,43,0
99,24,0,13,0.0,1.25,1.0,-2.0,0,-2,55,44,0
100,24,0,13,0.0,1.2222222222222223,1.0,-1.0,0,-3,55,45,0
101,24,0,17,7.0,1.1956521739130437,1.0,0.0,1,-4,55,46,0
102,24,0,17,4.0,1.1702127659574468,1.0,0.0,1,-5,55,47,0
103,24,0,17,1.0,1.1914893617021276,1.0,-1.0,1,1,56,47,0
104,24,0,17,1.0,1.1666666666666667,1.0,-1.0,0,-1,56,48,0
105,24,1,8,16.0,1.1428571428571428,1.0,-0.5,1,-2,56,49,0
106,24,1,8,11.0,1.163265306122449,1.0,-0.5,1,1,57,49,0
107,24,1,8,8.0,1.183673469387755,1.0,-0.5,0,2,58,49,0
108,24,1,25,2.0,1.2040816326530612,1.0,-0.5,1,3,59,49,0
109,24,1,25,4.0,1.18,1.0,-0.5,1,-1,59,50,0
110,24,1,25,15.0,1.2,1.0,-1.5,1,1,60,50,0
111,24,1,25,1.0,1.22,1.0,-1.5,0,2,61,50,0
112,24,0,8,0.0,1.196078431372549,1.0,-1.0,1,-1,61,51,0
113,24,0,8,9.0,1.1730769230769231,1.0,0.0,0,-2,61,52,0
114,24,0,8,9.0,1.1923076923076923,1.0,-1.0,0,1,62,52,0
115,24,0,29,2.0,1.2115384615384617,1.0,-1.0,1,2,63,52,0
116,24,0,29,6.0,1.1886792452830188,1.0,0.0,1,-1,63,53,0
117,24,0,29,4.0,1.2075471698113207,1.0,0.0,0,1,64,53,0
118,24,1,22,10.0,1.1851851851851851,2.0,1.0,1,-1,64,54,0
119,24,1,22,8.0,1.2037037037037035,1.0,-0.5,1,1,65,54,0
120,24,1,22,1.0,1.2222222222222223,1.0,-0.5,0,2,66,54,0
121,24,1,13,2.0,1.2,2.0,0.5,1,-1,66,55,0
122,24,1,13,4.0,1.2181818181818185,1.0,-0.5,1,1,67,55,0
123,24,1,13,8.0,1.2363636363636363,1.0,-1.5,1,2,68,55,0
124,24,0,1,5.0,1.2545454545454546,1.0,-2.5,1,3,69,55,0
125,24,0,1,5.0,1.2727272727272727,1.0,-3.0,1,4,70,55,0
126,24,0,1,3.0,1.290909090909091,1.0,-3.0,0,5,71,55,0
127,24,0,1,1.0,1.2678571428571428,1.0,-2.0,1,-1,71,56,0
128,24,1,10,3.0,1.2456140350877194,1.0,-2.0,1,-2,71,57,0
129,24,1,10,6.0,1.263157894736842,1.0,-3.5,1,1,72,57,0
130,24,1,10,8.0,1.280701754385965,1.0,-3.5,1,2,73,57,0
131,24,1,4,4.0,1.2982456140350878,1.0,-4.5,0,3,74,57,0
132,24,1,4,5.0,1.2758620689655171,1.0,-4.5,0,-1,74,58,0
133,24,1,4,7.0,1.293103448275862,1.0,-4.5,0,1,75,58,0
134,24,0,0,9.0,1.3103448275862069,1.0,-4.5,0,2,76,58,0
135,24,0,0,6.0,1.3275862068965518,1.0,-4.5,1,3,77,58,0
136,24,0,0,2.0,1.305084745762712,1.0,-4.5,1,-1,77,59,0
137,24,0,13,5.0,1.2833333333333334,1.0,-4.5,1,-2,77,60,0
138,24,0,13,2.0,1.3,1.0,-5.5,0,1,78,60,0
139,24,0,13,4.0,1.278688524590164,1.0,-4.5,1,-1,78,61,0
140,24,1,8,5.0,1.2950819672131149,1.0,-5.5,1,1,79,61,0
141,24,1,8,9.0,1.2741935483870968,1.0,-5.0,1,-1,79,62,0
142,24,1,8,8.0,1.2903225806451613,1.0,-6.0,1,1,80,62,0
143,24,1,0,6.0,1.3064516129032258,1.0,-7.0,1,2,81,62,0
144,24,1,0,3.0,1.3225806451612905,1.0,-7.5,1,3,82,62,0
145,24,1,0,2.0,1.3387096774193548,1.0,-7.5,0,4,83,62,0
146,24,0,8,2.0,1.3174603174603174,1.0,-7.5,1,-1,83,63,0
147,24,0,8,6.0,1.3333333333333333,1.0,-8.0,1,1,84,63,0
148,24,0,8,7.0,1.3492063492063493,1.0,-8.5,1,2,85,63,0
149,24,0,8,9.0,1.3650793650793651,1.0,-9.0,0,3,86,63,0
150,24,0,22,5.0,1.380952380952381,1.0,-0.0,1,4,87,63,0
151,24,0,22,8.0,1.3968253968253967,1.0,-0.0,1,5,88,63,0
152,24,0,22,4.0,1.4126984126984128,1.0,-1.0,0,6,89,63,0
153,24,0,0,2.0,1.390625,1.0,-0.0,1,-1,89,64,0
154,24,0,0,6.0,1.3692307692307693,1.0,-0.0,1,-2,89,65,0
155,24,0,0,7.0,1.3846153846153846,1.0,-0.0,0,1,90,65,0
156,24,1,22,3.0,1.4,1.0,-0.0,1,2,91,65,0
157,24,1,22,3.0,1.4153846153846157,1.0,-0.0,1,3,92,65,0
158,24,1,22,7.0,1.393939393939394,1.0,-9.0,0,-1,92,66,0
159,24,1,13,2.0,1.4090909090909092,1.0,-9.0,1,1,93,66,0
160,24,1,13,4.0,1.388059701492537,1.0,-8.0,1,-1,93,67,0
161,24,1,13,1.0,1.4029850746268655,1.0,-9.0,0,1,94,67,0
162,24,1,13,0.0,0.0,1.0,0.0,0,0,0,0,0
163,24,1,13,3.0,0.0,3.0,1.0,1,-1,0,1,0
164,24,1,13,5.0,1.0,1.0,0.0,1,1,1,1,0
165,24,0,25,1.0,2.0,1.0,0.0,0,2,2,1,0
166,24,0,25,3.0,3.0,1.0,0.0,0,3,3,1,0
167,24,0,25,3.0,1.5,3.0,1.0,0,-1,3,2,0
168,24,0,8,4.0,1.0,4.0,2.0,1,-2,3,3,0
169,24,0,8,9.0,1.3333333333333333,4.0,1.0,1,1,4,3,0
170,24,0,8,10.0,1.6666666666666667,1.0,0.0,0,2,5,3,0
171,24,1,4,7.0,2.0,1.0,0.0,0,3,6,3,0
172,24,1,4,3.0,2.333333333333333,1.0,-0.5,0,4,7,3,0
173,24,1,4,3.0,1.75,2.0,0.5,0,-1,7,4,0
174,24,1,4,10.0,2.0,1.0,-0.5,0,1,8,4,0
175,24,1,15,8.0,2.25,1.0,-0.5,1,2,9,4,0
176,24,1,15,3.0,1.8,2.0,1.0,1,-1,9,5,0
177,24,1,15,2.0,1.5,2.0,1.5,0,-2,9,6,0
178,24,0,22,3.0,1.2857142857142858,3.0,2.5,1,-3,9,7,0
179,24,0,22,2.0,1.4285714285714286,2.0,2.5,1,1,10,7,0
180,24,0,22,5.0,1.5714285714285714,2.0,2.5,0,2,11,7,0
181,24,0,0,5.0,1.7142857142857142,2.0,1.5,1,3,12,7,0
182,24,0,0,4.0,1.8571428571428568,2.0,1.0,1,4,13,7,0
183,24,0,0,2.0,1.625,2.0,0.5,0,-1,13,8,0
184,24,1,22,1.0,1.4444444444444444,2.0,1.5,1,-2,13,9,0
185,24,1,22,7.0,1.3,2.0,2.0,1,-3,13,10,0
186,24,1,22,4.0,1.181818181818182,3.0,2.0,0,-4,13,11,0
187,24,1,0,6.0,1.0833333333333333,3.0,2.0,1,-5,13,12,0
188,24,1,0,2.0,1.1666666666666667,3.0,2.0,1,1,14,12,0
189,24,1,0,9.0,1.25,2.0,1.0,1,2,15,12,0
190,24,0,13,2.0,1.3333333333333333,2.0,1.0,1,3,16,12,0
191,24,0,13,10.0,1.4166666666666667,1.0,0.0,1,4,17,12,0
192,24,0,13,4.0,1.5,1.0,0.0,1,5,18,12,0
193,24,0,20,2.0,1.5833333333333333,1.0,-1.0,1,6,19,12,0
194,24,0,20,2.0,1.4615384615384617,1.0,-0.5,1,-1,19,13,0
195,24,0,20,4.0,1.3571428571428572,2.0,0.5,0,-2,19,14,0
196,24,0,1,3.0,1.4285714285714286,1.0,-0.5,1,1,20,14,0
197,24,0,1,8.0,1.3333333333333333,1.0,0.0,1,-1,20,15,0
198,24,0,1,10.0,1.4,1.0,0.0,0,1,21,15,0
199,24,0,1,5.0,1.4666666666666666,1.0,-1.0,0,2,22,15,0
200,24,1,28,6.0,1.5333333333333334,1.0,-2.0,1,3,23,15,0
201,24,1,28,3.0,1.4375,1.0,-1.5,1,-1,23,16,0
202,24,1,8,8.0,1.3529411764705883,1.0,-0.5,1,-2,23,17,0
203,24,1,8,9.0,1.411764705882353,1.0,-1.0,1,1,24,17,0
204,24,1,8,2.0,1.3333333333333333,1.0,0.0,1,-1,24,18,0
205,24,1,8,0.0,1.263157894736842,2.0,1.0,0,-2,24,19,0
206,24,0,29,8.0,1.2,2.0,1.0,1,-3,24,20,0
207,24,0,29,4.0,1.25,2.0,1.0,1,1,25,20,0
208,24,0,29,1.0,1.3,1.0,0.0,0,2,26,20,0
209,24,0,8,0.0,1.238095238095238,1.0,0.0,1,-1,26,21,0
210,24,0,8,6.0,1.181818181818182,3.0,1.0,0,-2,26,22,0
211,24,0,8,7.0,1.2272727272727273,1.0,0.0,0,1,27,22,0
212,24,1,19,1.0,1.2727272727272727,1.0,0.0,0,2,28,22,0
213,24,1,19,3.0,1.2173913043478262,2.0,1.5,1,-1,28,23,0
214,24,0,19,6.0,1.1666666666666667,2.0,2.0,1,-2,28,24,0
215,24,0,19,5.0,1.12,2.0,2.5,0,-3,28,25,0
216,24,1,25,0.0,1.16,2.0,1.5,0,1,29,25,1
217,24,1,25,1.0,1.1153846153846154,2.0,2.5,1,-1,29,26,1
218,24,1,25,4.0,1.0740740740740742,2.0,2.5,0,-2,29,27,0
219,24,0,28,2.0,1.1111111111111112,2.0,2.5,1,1,30,27,0
220,24,0,28,0.0,1.148148148148148,2.0,2.0,0,2,31,27,0
221,24,1,0,1.0,1.1071428571428572,3.0,3.0,1,-1,31,28,0
222,24,1,0,10.0,1.0689655172413792,3.0,3.5,1,-2,31,29,0
223,24,1,0,6.0,1.103448275862069,2.0,2.5,0,1,32,29,0
224,24,1,21,2.0,1.137931034482759,2.0,1.5,1,2,33,29,0
225,24,1,21,8.0,1.1,3.0,2.0,1,-1,33,30,0
226,24,1,21,10.0,1.064516129032258,3.0,3.0,1,-2,33,31,0
227,24,1,1,6.0,1.096774193548387,2.0,2.5,1,1,34,31,0
228,24,1,1,5.0,1.1290322580645162,2.0,1.5,0,2,35,31,0
229,24,1,1,0.0,1.09375,2.0,1.5,1,-1,35,32,0
230,24,0,22,3.0,1.0606060606060606,3.0,1.5,1,-2,35,33,0
231,24,0,22,5.0,1.0294117647058822,4.0,1.5,1,-3,35,34,0
232,24,0,22,4.0,1.0588235294117647,2.0,1.5,0,1,36,34,0
233,24,0,14,1.0,1.088235294117647,2.0,1.5,1,2,37,34,0
234,24,0,14,3.0,1.0571428571428572,2.0,2.0,1,-1,37,35,0
235,24,0,14,2.0,1.0277777777777777,3.0,3.0,0,-2,37,36,0
236,24,0,14,2.0,1.0555555555555556,2.0,3.0,0,1,38,36,0
237,24,1,13,1.0,1.027027027027027,2.0,3.0,1,-1,38,37,0
238,24,1,13,5.0,1.0,4.0,3.5,1,-2,38,38,0
239,24,1,13,2.0,0.9743589743589745,4.0,3.5,1,-3,38,39,0
240,24,1,8,1.0,0.95,4.0,3.5,1,-4,38,40,0
241,24,1,8,1.0,0.926829268292683,4.0,4.0,0,-5,38,41,0
242,24,1,8,5.0,0.9047619047619048,4.0,4.0,0,-6,38,42,0
243,24,1,6,1.0,0.9285714285714286,4.0,3.0,1,1,39,42,0
244,24,1,6,0.0,0.9069767441860463,4.0,3.0,1,-1,39,43,0
245,24,1,6,2.0,0.8863636363636364,5.0,3.0,1,-2,39,44,0
246,24,0,13,2.0,0.8666666666666667,5.0,4.0,1,-3,39,45,0
247,24,0,13,4.0,0.8478260869565217,4.0,5.5,0,-4,39,46,0
248,24,0,13,1.0,0.8695652173913043,4.0,5.5,0,1,40,46,0
249,24,0,17,3.0,0.851063829787234,4.0,6.5,1,-1,40,47,0
250,24,0,17,6.0,0.8333333333333334,4.0,6.5,1,-2,40,48,0
251,24,0,17,2.0,0.8163265306122449,4.0,6.5,0,-3,40,49,0
252,24,1,22,4.0,0.8,4.0,6.5,1,-4,40,50,0
253,24,1,22,10.0,0.82,4.0,6.5,1,1,41,50,0
254,24,1,22,9.0,0.84,4.0,6.5,1,2,42,50,0
255,24,1,22,1.0,0.86,4.0,6.5,0,3,43,50,0
256,24,0,0,2.0,0.8431372549019608,4.0,6.5,1,-1,43,51,0
257,24,0,0,4.0,0.8627450980392157,4.0,5.5,1,1,44,51,0
258,24,0,0,1.0,0.8823529411764706,4.0,4.5,0,2,45,51,0
259,24,0,6,0.0,0.8653846153846154,4.0,5.5,1,-1,45,52,0
260,24,0,6,3.0,0.8490566037735849,4.0,6.0,0,-2,45,53,1
261,24,0,6,5.0,0.8333333333333334,4.0,6.5,1,-3,45,54,1
262,24,0,6,3.0,0.8518518518518519,4.0,6.5,1,1,46,54,0
263,24,0,4,2.0,0.8363636363636363,4.0,7.5,1,-1,46,55,0
264,24,0,4,0.0,0.8214285714285714,4.0,8.0,1,-2,46,56,0
265,24,0,4,1.0,0.8070175438596491,4.0,9.0,0,-3,46,57,0
266,24,1,20,3.0,0.7931034482758621,5.0,10.0,1,-4,46,58,0
267,24,1,20,9.0,0.7796610169491526,5.0,11.0,1,-5,46,59,0
268,24,1,20,2.0,0.7966101694915254,5.0,10.0,1,1,47,59,0
269,24,1,26,4.0,0.8135593220338984,5.0,10.0,1,2,48,59,0
270,24,1,26,1.0,0.8305084745762712,5.0,10.0,1,3,49,59,0
271,24,1,26,3.0,0.8166666666666667,5.0,11.0,0,-1,49,60,0
272,24,0,15,4.0,0.8032786885245902,5.0,12.0,1,-2,49,61,0
273,24,0,15,1.0,0.819672131147541,5.0,12.0,1,1,50,61,0
274,24,0,15,1.0,0.8064516129032258,5.0,12.0,1,-1,50,62,0
275,24,0,15,4.0,0.7936507936507936,5.0,13.0,0,-2,50,63,0
276,24,0,2,2.0,0.8095238095238095,4.0,13.0,1,1,51,63,0
277,24,0,2,3.0,0.796875,5.0,14.0,0,-1,51,64,0
278,24,0,2,2.0,0.8125,5.0,14.0,0,1,52,64,0
279,24,1,29,2.0,0.8,5.0,15.0,1,-1,52,65,0
280,24,1,29,5.0,0.7878787878787878,5.0,16.5,1,-2,52,66,0
281,24,1,29,4.0,0.7761194029850746,5.0,17.5,0,-3,52,67,0
282,24,1,14,14.0,0.7910447761194029,5.0,17.0,1,1,53,67,0
283,24,1,14,6.0,0.8059701492537313,4.0,17.0,1,2,54,67,0
284,24,1,14,5.0,0.8208955223880597,4.0,17.0,0,3,55,67,0
285,24,0,3,0.0,0.8088235294117647,5.0,17.0,1,-1,55,68,0
286,24,0,3,3.0,0.7971014492753623,5.0,17.0,1,-2,55,69,0
287,24,0,3,1.0,0.8115942028985508,4.0,17.0,0,1,56,69,0
288,24,0,21,5.0,0.8,5.0,18.0,1,-1,56,70,0
289,24,0,21,1.0,0.7887323943661971,5.0,19.0,1,-2,56,71,0
290,24,0,21,6.0,0.7777777777777778,5.0,20.0,1,-3,56,72,0
291,24,0,21,4.0,0.7916666666666666,5.0,19.0,0,1,57,72,0
292,24,1,8,1.0,0.8055555555555556,5.0,18.0,1,2,58,72,0
293,24,1,8,5.0,0.7945205479452054,5.0,19.0,1,-1,58,73,0
294,24,1,8,4.0,0.8082191780821918,4.0,18.0,1,1,59,73,0
295,24,1,0,1.0,0.7972972972972973,5.0,19.0,1,-1,59,74,0
296,24,1,0,3.0,0.8108108108108109,4.0,19.0,1,1,60,74,0
297,24,1,0,8.0,0.8,4.0,20.0,0,-1,60,75,0
298,24,1,22,1.0,0.8133333333333334,4.0,20.0,0,1,61,75,0
299,24,1,22,2.0,0.8026315789473685,4.0,21.0,1,-1,61,76,0
300,24,1,22,13.0,0.7922077922077922,5.0,22.0,0,-2,61,77,0
301,24,0,0,2.0,0.8051948051948052,4.0,21.0,1,1,62,77,0
302,24,0,0,3.0,0.7948717948717948,5.0,21.5,1,-1,62,78,0
303,24,0,0,1.0,0.8076923076923077,5.0,20.5,1,1,63,78,0
304,24,0,0,3.0,0.7974683544303798,5.0,20.5,0,-1,63,79,0
305,24,0,8,3.0,0.810126582278481,5.0,19.5,1,1,64,79,0
306,24,0,8,8.0,0.8227848101265823,5.0,19.5,1,2,65,79,0
307,24,0,8,4.0,0.8125,5.0,20.5,0,-1,65,80,0
308,24,1,13,2.0,0.825,5.0,19.5,1,1,66,80,0
309,24,1,13,4.0,0.8148148148148148,5.0,20.5,1,-1,66,81,0
310,24,1,13,19.0,0.8271604938271605,5.0,19.5,1,1,67,81,0
311,24,1,13,4.0,0.8395061728395061,3.0,18.5,0,2,68,81,0
312,24,1,17,8.0,0.8518518518518519,3.0,17.5,1,3,69,81,0
313,24,1,17,4.0,0.8641975308641975,4.0,17.0,1,4,70,81,0
314,24,1,17,2.0,0.8536585365853658,4.0,17.0,0,-1,70,82,0
315,24,1,18,1.0,0.8658536585365854,4.0,17.0,1,1,71,82,0
316,24,1,18,0.0,0.8554216867469879,4.0,17.0,0,-1,71,83,0
317,24,1,18,2.0,0.8452380952380952,4.0,18.0,0,-2,71,84,0
318,24,0,13,1.0,0.8571428571428571,4.0,18.0,1,1,72,84,0
319,24,0,13,6.0,0.8470588235294118,4.0,19.0,1,-1,72,85,0
320,24,0,13,3.0,0.8588235294117647,4.0,18.0,1,1,73,85,0
321,24,0,22,7.0,0.8705882352941177,4.0,17.0,1,2,74,85,0
322,24,0,22,3.0,0.8823529411764706,3.0,17.0,0,3,75,85,0
323,24,0,22,7.0,0.872093023255814,4.0,17.0,0,-1,75,86,0
324,24,1,0,9.0,0.0,1.0,0.0,1,0,0,0,0
325,24,1,0,4.0,1.0,1.0,0.0,1,1,1,0,0
326,24,1,0,2.0,1.0,2.0,1.0,1,-1,1,1,0
327,24,1,0,8.0,2.0,2.0,1.0,0,1,2,1,0
328,24,1,13,8.0,3.0,2.0,0.5,0,2,3,1,0
329,24,1,13,7.0,4.0,1.0,-0.5,0,3,4,1,0
330,24,1,13,2.0,5.0,1.0,-1.5,1,4,5,1,0
331,24,0,0,7.0,2.5,1.0,-0.5,0,-1,5,2,0
332,24,0,0,3.0,3.0,1.0,-0.5,1,1,6,2,0
333,24,0,0,5.0,2.0,1.0,-0.5,1,-1,6,3,0
334,24,0,8,6.0,1.5,1.0,0.0,1,-2,6,4,0
335,24,0,8,0.0,1.75,1.0,0.0,0,1,7,4,0
336,24,0,8,5.0,1.4,2.0,1.0,0,-1,7,5,0
337,24,0,13,3.0,1.6,2.0,1.0,1,1,8,5,0
338,24,0,13,2.0,1.8,1.0,0.0,1,2,9,5,0
339,24,0,13,1.0,2.0,1.0,-1.0,0,3,10,5,0
340,24,1,22,1.0,1.6666666666666667,1.0,0.0,1,-1,10,6,0
341,24,1,22,1.0,1.4285714285714286,1.0,0.0,1,-2,10,7,0
342,24,1,22,4.0,1.25,2.0,1.0,0,-3,10,8,0
343,24,1,8,2.0,1.375,2.0,1.0,1,1,11,8,0
344,24,1,8,1.0,1.2222222222222223,2.0,1.0,1,-1,11,9,0
345,24,1,8,12.0,1.1,3.0,1.0,0,-2,11,10,0
346,24,0,7,5.0,1.2,2.0,1.0,1,1,12,10,0
347,24,0,7,5.0,1.3,1.0,-0.5,0,2,13,10,0
348,24,0,7,4.0,1.4,1.0,-0.5,0,3,14,10,0
349,24,0,22,4.0,1.5,1.0,-1.5,1,4,15,10,0
350,24,0,22,6.0,1.3636363636363635,1.0,-0.5,1,-1,15,11,0
351,24,0,22,3.0,1.4545454545454546,1.0,-0.5,1,1,16,11,0
352,24,1,1,2.0,1.5454545454545454,1.0,-1.5,1,2,17,11,0
353,24,1,1,3.0,1.6363636363636365,1.0,-1.0,1,3,18,11,0
354,24,1,1,4.0,1.7272727272727273,1.0,-1.0,0,4,19,11,0
355,24,1,21,11.0,1.818181818181818,1.0,-2.0,1,5,20,11,0
356,24,1,21,1.0,1.9090909090909087,1.0,-2.0,1,6,21,11,0
357,24,1,21,3.0,1.75,1.0,-1.0,0,-1,21,12,0
358,24,1,13,3.0,1.6153846153846154,1.0,0.0,1,-2,21,13,0
359,24,1,13,3.0,1.6923076923076923,1.0,-1.0,1,1,22,13,0
360,24,1,13,2.0,1.7692307692307692,1.0,-2.0,0,2,23,13,0
361,24,1,13,7.0,1.6428571428571428,1.0,-1.0,0,-1,23,14,0
362,24,0,1,4.0,1.7142857142857142,1.0,-2.0,1,1,24,14,0
363,24,0,1,0.0,1.7857142857142858,1.0,-2.5,1,2,25,14,0
364,24,0,1,10.0,1.6666666666666667,1.0,-2.5,0,-1,25,15,0
365,24,0,14,6.0,1.7333333333333334,1.0,-3.5,1,1,26,15,0
366,24,0,14,5.0,1.8,1.0,-4.0,1,2,27,15,0
367,24,0,14,0.0,1.6875,1.0,-3.0,1,-1,27,16,0
368,24,0,14,4.0,1.588235294117647,1.0,-3.0,0,-2,27,17,0
369,24,1,8,4.0,1.6470588235294117,1.0,-3.0,1,1,28,17,0
370,24,1,8,5.0,1.5555555555555556,1.0,-2.0,1,-1,28,18,0
371,24,1,8,4.0,1.6111111111111112,1.0,-3.0,0,1,29,18,0
372,24,0,16,6.0,1.6666666666666667,1.0,-4.0,1,2,30,18,0
373,24,0,16,2.0,1.7222222222222223,1.0,-5.0,1,3,31,18,0
374,24,0,16,8.0,1.7777777777777777,1.0,-5.0,0,4,32,18,0
375,24,0,4,4.0,1.8333333333333333,1.0,-6.0,0,5,33,18,0
376,24,0,4,4.0,1.736842105263158,1.0,-5.0,1,-1,33,19,0
377,24,0,4,5.0,1.7894736842105263,1.0,-5.0,0,1,34,19,0
378,24,1,25,6.0,1.8421052631578947,1.0,-6.0,1,2,35,19,0
379,24,1,25,9.0,1.894736842105263,1.0,-7.0,1,3,36,19,0
380,24,1,25,0.0,1.947368421052632,1.0,-8.0,0,4,37,19,0
381,24,1,25,8.0,1.85,1.0,-7.0,0,-1,37,20,0
382,24,1,6,3.0,1.9,1.0,-8.0,1,1,38,20,0
383,24,1,6,3.0,1.809523809523809,1.0,-7.5,1,-1,38,21,0
384,24,1,6,6.0,1.8571428571428568,1.0,-8.5,0,1,39,21,0
385,24,0,17,4.0,1.9047619047619049,1.0,-9.0,1,2,40,21,0
386,24,0,17,5.0,1.9523809523809523,1.0,-9.0,1,3,41,21,0
387,24,0,17,6.0,2.0,1.0,-0.0,0,4,42,21,0
388,24,0,29,2.0,2.0476190476190474,1.0,-0.0,1,5,43,21,0
389,24,0,29,1.0,1.9545454545454544,1.0,-9.0,1,-1,43,22,0
390,24,0,29,2.0,1.8695652173913044,1.0,-8.0,1,-2,43,23,0
391,24,0,29,7.0,1.7916666666666667,1.0,-8.0,0,-3,43,24,0
392,24,0,8,4.0,1.8333333333333333,1.0,-9.0,1,1,44,24,0
393,24,0,8,4.0,1.76,1.0,-8.0,0,-1,44,25,0
394,24,0,8,7.0,1.6923076923076923,1.0,-7.0,0,-2,44,26,0
395,24,1,5,2.0,1.6296296296296295,1.0,-7.0,1,-3,44,27,0
396,24,1,5,6.0,1.5714285714285714,1.0,-5.5,0,-4,44,28,0
397,24,1,0,1.0,1.5172413793103448,1.0,-4.5,1,-5,44,29,0
398,24,1,0,6.0,1.4666666666666666,1.0,-4.5,1,-6,44,30,0
399,24,1,0,4.0,1.5,1.0,-4.5,0,1,45,30,0
400,24,0,22,0.0,1.5333333333333334,1.0,-4.5,1,2,46,30,0
401,24,0,22,2.0,1.4838709677419355,1.0,-4.5,1,-1,46,31,0
402,24,0,22,4.0,1.4375,1.0,-3.5,0,-2,46,32,0
403,24,0,6,1.0,1.46875,1.0,-3.5,1,1,47,32,0
404,24,0,6,2.0,1.4242424242424243,1.0,-2.5,1,-1,47,33,0
405,24,0,6,3.0,1.3823529411764706,1.0,-2.5,1,-2,47,34,0
406,24,0,6,0.0,1.3428571428571427,1.0,-1.5,0,-3,47,35,0
407,24,0,25,5.0,1.3055555555555556,1.0,-0.5,1,-4,47,36,0
408,24,0,25,0.0,1.3333333333333333,1.0,-1.0,1,1,48,36,0
409,24,0,25,2.0,1.2972972972972974,1.0,-1.0,0,-1,48,37,0
410,24,1,22,0.0,1.263157894736842,1.0,0.0,0,-2,48,38,0
411,24,1,22,5.0,1.2307692307692308,2.0,1.0,0,-3,48,39,0
412,24,1,22,5.0,1.2564102564102564,1.0,0.0,0,1,49,39,0
413,24,1,19,0.0,1.2820512820512822,1.0,0.0,1,2,50,39,0
414,24,1,19,1.0,1.25,2.0,0.5,1,-1,50,40,0
415,24,0,19,5.0,1.2195121951219512,2.0,0.5,1,-2,50,41,0
416,24,0,19,1.0,1.2439024390243902,1.0,-0.5,0,1,51,41,0
417,24,0,0,5.0,1.2142857142857142,2.0,0.5,1,-1,51,42,0
418,24,0,0,0.0,1.238095238095238,1.0,-0.5,0,1,52,42,0
419,24,0,0,8.0,1.2093023255813953,2.0,0.5,0,-1,52,43,0
420,24,1,14,9.0,1.2325581395348837,2.0,0.5,1,1,53,43,0
421,24,1,14,5.0,1.255813953488372,1.0,-0.5,1,2,54,43,0
422,24,1,14,2.0,1.2790697674418603,1.0,-1.5,0,3,55,43,0
423,24,1,20,7.0,1.25,1.0,-0.5,1,-1,55,44,0
424,24,1,20,9.0,1.2727272727272727,1.0,-0.5,1,1,56,44,0
425,24,1,20,3.0,1.2954545454545454,1.0,-1.5,1,2,57,44,0
426,24,1,20,1.0,1.318181818181818,1.0,-2.5,0,3,58,44,0
427,24,0,13,1.0,1.288888888888889,1.0,-2.0,1,-1,58,45,0
428,24,0,13,0.0,1.2608695652173914,1.0,-1.0,1,-2,58,46,0
429,24,0,13,3.0,1.2340425531914894,1.0,0.0,1,-3,58,47,0
430,24,0,21,0.0,1.2083333333333333,2.0,1.0,1,-4,58,48,0
431,24,0,21,1.0,1.183673469387755,2.0,1.5,1,-5,58,49,0
432,24,0,21,7.0,1.16,2.0,2.5,0,-6,58,50,0
433,24,1,17,5.0,1.18,2.0,2.5,1,1,59,50,0
434,24,1,17,2.0,1.2,2.0,2.0,1,2,60,50,0
435,24,1,17,9.0,1.1764705882352942,2.0,3.0,0,-1,60,51,0
436,24,1,17,4.0,1.196078431372549,2.0,2.0,0,1,61,51,0
437,24,1,15,3.0,1.2156862745098038,2.0,1.0,1,2,62,51,0
438,24,1,15,7.0,1.1923076923076923,2.0,2.0,1,-1,62,52,0
439,24,1,15,1.0,1.2115384615384617,2.0,2.0,0,1,63,52,0
440,24,1,11,2.0,1.1886792452830188,2.0,3.0,1,-1,63,53,0
441,24,1,11,0.0,1.1666666666666667,2.0,3.0,1,-2,63,54,0
442,24,1,11,4.0,1.1454545454545455,2.0,3.0,0,-3,63,55,0
443,24,0,5,2.0,1.125,2.0,4.0,1,-4,63,56,0
444,24,0,5,7.0,1.105263157894737,2.0,5.5,0,-5,63,57,0
445,24,0,20,3.0,1.1228070175438596,2.0,4.5,1,1,64,57,0
446,24,0,20,6.0,1.103448275862069,2.0,5.0,0,-1,64,58,0
447,24,0,20,5.0,1.1206896551724137,2.0,4.0,0,1,65,58,0
448,24,1,4,1.0,1.137931034482759,2.0,3.0,1,2,66,58,0
449,24,1,4,8.0,1.11864406779661,2.0,4.0,1,-1,66,59,0
450,24,1,4,5.0,1.1355932203389831,2.0,3.0,1,1,67,59,0
451,24,1,29,10.0,1.152542372881356,2.0,3.0,1,2,68,59,0
452,24,1,29,2.0,1.1694915254237288,2.0,3.0,1,3,69,59,0
453,24,1,29,6.0,1.15,2.0,4.0,0,-1,69,60,0
454,24,0,8,2.0,1.1311475409836065,2.0,4.0,1,-2,69,61,0
455,24,0,8,3.0,1.1129032258064515,2.0,4.5,1,-3,69,62,0
456,24,0,8,4.0,1.1290322580645162,2.0,4.5,1,1,70,62,0
457,24,0,8,4.0,1.1451612903225807,2.0,4.5,0,2,71,62,0
458,24,0,15,13.0,1.1612903225806452,2.0,4.0,1,3,72,62,0
459,24,0,15,3.0,1.1774193548387095,2.0,3.0,1,4,73,62,0
460,24,0,15,15.0,1.1935483870967742,2.0,2.0,0,5,74,62,0
461,24,1,8,9.0,1.2096774193548387,2.0,2.0,0,6,75,62,0
462,24,1,8,12.0,1.1904761904761905,2.0,2.0,1,-1,75,63,0
463,24,1,8,2.0,1.2063492063492065,2.0,2.0,0,1,76,63,0
464,24,1,9,8.0,1.1875,2.0,2.0,1,-1,76,64,0
465,24,1,9,5.0,1.203125,2.0,2.0,0,1,77,64,0
466,24,1,9,1.0,1.21875,2.0,2.0,1,2,78,64,0
467,24,0,0,5.0,1.2,2.0,3.0,1,-1,78,65,0
468,24,0,0,5.0,1.2153846153846153,2.0,2.5,1,1,79,65,0
469,24,0,0,6.0,1.2307692307692308,2.0,2.5,0,2,80,65,0
470,24,0,13,9.0,1.2461538461538462,2.0,2.0,1,3,81,65,0
471,24,0,13,0.0,1.2615384615384615,2.0,1.0,1,4,82,65,0
472,24,0,13,2.0,1.2424242424242424,2.0,2.0,0,-1,82,66,0
473,24,1,0,2.0,1.2238805970149254,2.0,3.0,1,-2,82,67,0
474,24,1,0,2.0,1.2058823529411764,2.0,4.0,1,-3,82,68,0
475,24,1,0,4.0,1.2205882352941178,2.0,3.0,0,1,83,68,0
476,24,1,22,0.0,1.2352941176470589,2.0,2.0,1,2,84,68,0
477,24,1,22,2.0,1.2173913043478262,2.0,3.5,1,-1,84,69,0
478,24,1,22,2.0,1.2,2.0,3.5,0,-2,84,70,0
479,24,1,13,5.0,1.1830985915492958,2.0,4.5,1,-3,84,71,0
480,24,1,13,2.0,1.1971830985915493,2.0,3.5,1,1,85,71,0
481,24,1,13,1.0,1.1805555555555556,2.0,4.5,1,-1,85,72,0
482,24,0,22,9.0,1.1643835616438356,2.0,5.5,1,-2,85,73,0
483,24,0,22,1.0,1.178082191780822,2.0,5.0,1,1,86,73,0
484,24,0,22,3.0,1.162162162162162,2.0,6.0,0,-1,86,74,0
485,24,0,22,9.0,1.1756756756756757,2.0,6.0,0,1,87,74,0
486,24,1,0,5.0,0.0,1.0,0.0,1,0,0,0,0
487,24,1,0,6.0,1.0,1.0,0.0,1,1,1,0,0
488,24,1,0,5.0,1.0,2.0,1.0,1,-1,1,1,0
489,24,1,22,1.0,2.0,2.0,1.0,0,1,2,1,0
490,24,1,22,0.0,3.0,2.0,0.5,1,2,3,1,0
491,24,1,22,2.0,1.5,2.0,1.5,1,-1,3,2,0
492,24,1,22,4.0,1.0,3.0,1.5,0,-2,3,3,0
493,24,0,8,0.0,0.75,5.0,1.5,0,-3,3,4,0
494,24,0,8,1.0,0.6,5.0,2.5,1,-4,3,5,0
495,24,0,8,2.0,0.5,5.0,3.5,1,-5,3,6,0
496,24,0,0,6.0,0.4285714285714285,5.0,4.5,1,-6,3,7,0
497,24,0,0,0.0,0.375,5.0,5.0,1,-7,3,8,0
498,24,0,0,4.0,0.3333333333333333,5.0,5.0,1,-8,3,9,0
499,24,0,0,1.0,0.4444444444444444,5.0,5.0,0,1,4,9,0
500,24,0,13,6.0,0.4,5.0,6.0,1,-1,4,10,0
501,24,0,13,3.0,0.5,5.0,5.0,1,1,5,10,0
502,24,0,13,3.0,0.6,5.0,4.0,0,2,6,10,0
503,24,1,8,4.0,0.7,5.0,3.0,1,3,7,10,0
504,24,1,8,5.0,0.6363636363636364,5.0,4.0,1,-1,7,11,0
505,24,1,13,3.0,0.7272727272727273,5.0,4.0,1,1,8,11,0
506,24,1,13,2.0,0.6666666666666666,5.0,4.5,1,-1,8,12,0
507,24,1,13,3.0,0.75,5.0,3.5,1,1,9,12,0
508,24,0,12,3.0,0.6923076923076923,5.0,4.5,1,-1,9,13,0
509,24,0,12,5.0,0.7692307692307693,5.0,4.5,0,1,10,13,0
510,24,0,12,5.0,0.8461538461538461,4.0,4.5,0,2,11,13,0
511,24,0,22,2.0,0.9230769230769232,3.0,4.5,1,3,12,13,0
512,24,0,22,6.0,1.0,3.0,3.5,1,4,13,13,0
513,24,0,22,1.0,1.0769230769230769,2.0,3.5,0,5,14,13,0
514,24,0,14,2.0,1.0,3.0,3.5,1,-1,14,14,0
515,24,0,14,6.0,0.9333333333333332,3.0,4.5,1,-2,14,15,0
516,24,0,14,2.0,1.0,3.0,4.5,1,1,15,15,0
517,24,0,14,3.0,0.9375,3.0,5.0,0,-1,15,16,0
518,24,1,10,8.0,1.0,3.0,5.0,1,1,16,16,0
519,24,1,10,3.0,1.0625,2.0,5.5,1,2,17,16,0
520,24,1,6,3.0,1.0,3.0,5.5,1,-1,17,17,0
521,24,1,6,10.0,0.9444444444444444,3.0,5.5,1,-2,17,18,0
522,24,1,6,11.0,1.0,3.0,5.5,1,1,18,18,0
523,24,1,6,9.0,1.0555555555555556,2.0,4.5,0,2,19,18,0
524,24,0,13,2.0,1.1111111111111112,2.0,4.5,1,3,20,18,0
525,24,0,13,4.0,1.1666666666666667,2.0,3.5,1,4,21,18,0
526,24,0,13,4.0,1.2222222222222223,2.0,2.5,0,5,22,18,0
527,24,1,8,11.0,1.2777777777777777,2.0,1.5,1,6,23,18,0
528,24,1,8,10.0,1.3333333333333333,2.0,1.5,0,7,24,18,1
529,24,1,8,3.0,1.3888888888888888,2.0,2.0,1,8,25,18,1
530,24,1,8,2.0,1.3157894736842106,2.0,2.0,0,-1,25,19,0
531,24,1,15,8.0,1.25,2.0,2.0,0,-2,25,20,0
532,24,1,15,6.0,1.3,2.0,2.0,1,1,26,20,0
533,24,1,15,3.0,1.35,2.0,2.0,0,2,27,20,0
534,24,0,1,7.0,1.4,2.0,1.0,1,3,28,20,0
535,24,0,1,4.0,1.45,2.0,0.5,1,4,29,20,0
536,24,0,1,0.0,1.5,1.0,-0.5,1,5,30,20,0
537,24,0,1,5.0,1.4285714285714286,2.0,0.5,0,-1,30,21,0
538,24,0,21,3.0,1.3636363636363635,2.0,0.5,1,-2,30,22,0
539,24,0,21,4.0,1.3043478260869563,2.0,1.5,1,-3,30,23,0
540,24,0,21,2.0,1.25,2.0,2.0,0,-4,30,24,0
541,24,1,20,5.0,1.2,2.0,2.0,1,-5,30,25,0
542,24,1,20,7.0,1.24,2.0,0.5,0,1,31,25,0
543,24,1,20,4.0,1.28,2.0,0.5,0,2,32,25,0
544,24,1,17,5.0,1.2307692307692308,2.0,0.5,1,-1,32,26,0
545,24,1,17,8.0,1.2692307692307692,2.0,1.0,1,1,33,26,0
546,24,1,17,4.0,1.3076923076923077,2.0,1.0,1,2,34,26,0
547,24,0,0,0.0,1.2592592592592593,2.0,1.5,1,-1,34,27,0
548,24,0,0,2.0,1.2142857142857142,2.0,2.5,0,-2,34,28,0
549,24,0,0,0.0,1.1724137931034482,2.0,2.5,0,-3,34,29,0
550,24,0,23,1.0,1.1333333333333333,2.0,3.5,1,-4,34,30,0
551,24,0,23,6.0,1.096774193548387,2.0,3.5,0,-5,34,31,0
552,24,1,23,0.0,1.1290322580645162,2.0,2.5,1,1,35,31,0
553,24,1,23,7.0,1.09375,2.0,2.5,1,-1,35,32,0
554,24,1,13,9.0,1.125,2.0,2.5,1,1,36,32,0
555,24,1,13,6.0,1.15625,2.0,1.5,0,2,37,32,0
556,24,1,13,2.0,1.1875,2.0,0.5,1,3,38,32,0
557,24,0,22,2.0,1.1515151515151516,2.0,1.5,1,-1,38,33,0
558,24,0,22,6.0,1.1176470588235294,2.0,1.0,1,-2,38,34,0
559,24,0,22,13.0,1.1470588235294117,2.0,1.0,0,1,39,34,0
560,24,0,8,6.0,1.1764705882352942,2.0,1.0,1,2,40,34,0
561,24,0,8,7.0,1.1428571428571428,2.0,2.0,0,-1,40,35,0
562,24,0,8,6.0,1.1714285714285717,2.0,1.0,0,1,41,35,0
563,24,1,14,3.0,1.2,2.0,1.0,1,2,42,35,0
564,24,1,14,5.0,1.1666666666666667,2.0,1.5,1,-1,42,36,0
565,24,1,14,4.0,1.135135135135135,2.0,2.5,0,-2,42,37,0
566,24,1,29,1.0,1.105263157894737,2.0,3.0,1,-3,42,38,0
567,24,1,29,3.0,1.0769230769230769,2.0,3.0,0,-4,42,39,0
568,24,1,29,1.0,1.05,2.0,4.0,1,-5,42,40,0
569,24,0,17,0.0,1.024390243902439,2.0,4.0,1,-6,42,41,0
570,24,0,17,3.0,1.0,2.0,5.0,1,-7,42,42,0
571,24,0,17,1.0,1.0238095238095235,2.0,4.0,0,1,43,42,0
572,24,0,20,15.0,1.0,2.0,5.0,1,-1,43,43,0
573,24,0,20,8.0,1.0232558139534884,2.0,5.5,1,1,44,43,0
574,24,0,20,4.0,1.0465116279069768,2.0,4.5,0,2,45,43,0
575,24,1,0,6.0,1.069767441860465,2.0,4.5,1,3,46,43,0
576,24,1,0,8.0,1.0930232558139534,2.0,3.5,1,4,47,43,0
577,24,1,0,2.0,1.1162790697674418,2.0,3.5,0,5,48,43,0
578,24,1,22,2.0,1.1395348837209305,2.0,3.5,1,6,49,43,0
579,24,1,22,9.0,1.1136363636363635,2.0,3.5,1,-1,49,44,0
580,24,1,22,7.0,1.1363636363636365,2.0,2.5,0,1,50,44,0
581,24,0,19,9.0,1.1590909090909092,2.0,2.5,1,2,51,44,0
582,24,0,19,2.0,1.181818181818182,2.0,3.0,0,3,52,44,0
583,24,0,19,4.0,1.2045454545454546,2.0,2.0,0,4,53,44,0
584,24,0,15,4.0,1.2272727272727273,2.0,1.0,1,5,54,44,0
585,24,0,15,2.0,1.25,2.0,0.5,1,6,55,44,0
586,24,0,15,5.0,1.2222222222222223,2.0,0.5,0,-1,55,45,0
587,24,1,27,3.0,1.2444444444444445,2.0,0.5,1,1,56,45,0
588,24,1,27,9.0,1.2173913043478262,2.0,1.5,1,-1,56,46,0
589,24,1,27,1.0,1.2391304347826086,2.0,1.5,0,1,57,46,0
590,24,1,1,8.0,1.2127659574468086,2.0,2.5,1,-1,57,47,0
591,24,1,1,8.0,1.1875,2.0,3.0,1,-2,57,48,0
592,24,1,1,6.0,1.2083333333333333,2.0,2.0,1,1,58,48,0
593,24,1,4,4.0,1.2291666666666667,2.0,2.0,1,2,59,48,0
594,24,1,4,3.0,1.2040816326530612,2.0,3.0,0,-1,59,49,0
595,24,1,4,6.0,1.18,2.0,3.0,0,-2,59,50,0
596,24,1,4,0.0,1.156862745098039,2.0,3.0,0,-3,59,51,0
597,24,0,10,3.0,1.1346153846153846,2.0,3.0,1,-4,59,52,0
598,24,0,10,0.0,1.1538461538461535,2.0,2.5,0,1,60,52,0
599,24,0,29,3.0,1.1320754716981132,2.0,3.5,1,-1,60,53,0
600,24,0,29,8.0,1.150943396226415,2.0,2.5,1,1,61,53,0
601,24,0,29,12.0,1.169811320754717,2.0,2.5,1,2,62,53,0
602,24,0,29,5.0,1.1886792452830188,2.0,2.5,0,3,63,53,0
603,24,1,25,1.0,1.2075471698113207,2.0,2.5,1,4,64,53,0
604,24,1,25,2.0,1.1851851851851851,2.0,3.0,1,-1,64,54,0
605,24,1,25,3.0,1.2037037037037035,2.0,2.0,1,1,65,54,0
606,24,1,21,0.0,1.181818181818182,2.0,2.0,1,-1,65,55,0
607,24,1,21,6.0,1.1607142857142858,2.0,2.5,1,-2,65,56,0
608,24,1,21,2.0,1.1785714285714286,2.0,1.5,0,1,66,56,0
609,24,1,21,2.0,1.1578947368421053,2.0,1.5,1,-1,66,57,0
610,24,0,4,5.0,1.137931034482759,2.0,1.5,1,-2,66,58,0
611,24,0,4,4.0,1.11864406779661,2.0,2.5,1,-3,66,59,0
612,24,0,4,9.0,1.1355932203389831,2.0,2.5,0,1,67,59,0
613,24,0,25,5.0,1.152542372881356,2.0,2.5,1,2,68,59,0
614,24,0,25,0.0,1.1694915254237288,2.0,2.5,0,3,69,59,0
615,24,0,25,5.0,1.15,2.0,3.5,0,-1,69,60,0
616,24,1,13,4.0,1.1311475409836065,2.0,3.5,1,-2,69,61,0
617,24,1,13,1.0,1.1129032258064515,2.0,4.5,1,-3,69,62,0
618,24,1,13,1.0,1.0952380952380951,2.0,5.5,1,-4,69,63,0
619,24,1,8,3.0,1.078125,2.0,6.5,1,-5,69,64,0
620,24,1,8,1.0,1.0615384615384615,2.0,6.5,1,-6,69,65,0
621,24,1,8,7.0,1.0454545454545454,2.0,7.5,1,-7,69,66,0
622,24,1,8,7.0,1.0606060606060606,2.0,7.5,0,1,70,66,0
623,24,1,0,1.0,1.0757575757575757,2.0,7.5,0,2,71,66,0
624,24,1,0,6.0,1.0597014925373134,2.0,8.5,1,-1,71,67,0
625,24,1,0,1.0,1.0746268656716418,2.0,8.5,1,1,72,67,0
626,24,0,22,9.0,1.0588235294117647,2.0,8.5,1,-1,72,68,0
627,24,0,22,8.0,1.0735294117647058,2.0,7.5,1,1,73,68,0
628,24,0,22,10.0,1.088235294117647,2.0,7.5,0,2,74,68,0
629,24,0,6,5.0,1.1029411764705883,2.0,7.5,1,3,75,68,0
630,24,0,6,8.0,1.1176470588235294,2.0,7.5,1,4,76,68,0
631,24,0,6,5.0,1.1014492753623188,2.0,7.5,1,-1,76,69,0
632,24,0,0,0.0,1.115942028985507,2.0,7.5,1,1,77,69,0
633,24,0,0,0.0,1.1,2.0,8.5,0,-1,77,70,0
634,24,0,0,5.0,1.0845070422535212,2.0,8.5,0,-2,77,71,0
635,24,1,22,4.0,1.0985915492957747,2.0,7.5,1,1,78,71,0
636,24,1,22,4.0,1.1126760563380282,2.0,6.0,1,2,79,71,0
637,24,1,22,4.0,1.0972222222222223,2.0,7.0,1,-1,79,72,0
638,24,1,19,4.0,1.082191780821918,2.0,8.0,1,-2,79,73,0
639,24,1,19,14.0,1.0675675675675675,2.0,8.0,0,-3,79,74,0
640,24,1,19,5.0,1.0810810810810811,2.0,7.0,0,1,80,74,0
641,24,0,13,3.0,1.0945945945945943,2.0,6.0,1,2,81,74,0
642,24,0,13,0.0,1.108108108108108,2.0,5.0,1,3,82,74,0
643,24,0,13,5.0,1.0933333333333333,2.0,6.0,1,-1,82,75,0
644,24,0,13,2.0,1.106666666666667,2.0,5.0,0,1,83,75,0
645,24,0,8,3.0,1.0921052631578947,2.0,6.0,1,-1,83,76,0
646,24,0,8,3.0,1.077922077922078,2.0,7.0,0,-2,83,77,0
647,24,0,8,3.0,1.0909090909090908,2.0,7.0,0,1,84,77,0
648,24,1,15,12.0,0.0,1.0,0.0,0,0,0,0,0
649,24,1,15,2.0,1.0,1.0,0.0,1,1,1,0,0
650,24,1,15,3.0,2.0,1.0,0.0,0,2,2,0,0
651,24,0,13,12.0,2.0,2.0,1.0,0,-1,2,1,0
652,24,0,13,3.0,3.0,1.0,0.0,1,1,3,1,0
653,24,0,13,2.0,4.0,1.0,-1.0,0,2,4,1,0
654,24,0,13,9.0,2.0,1.0,0.0,0,-1,4,2,0
655,24,1,8,7.0,2.5,1.0,-1.0,1,1,5,2,0
656,24,1,8,6.0,3.0,1.0,-2.0,1,2,6,2,0
657,24,1,8,6.0,2.0,1.0,-1.0,0,-1,6,3,0
658,24,1,13,3.0,1.5,1.0,0.0,1,-2,6,4,0
659,24,1,13,4.0,1.2,3.0,1.0,1,-3,6,5,0
660,24,1,13,1.0,1.4,1.0,0.0,1,1,7,5,0
661,24,0,0,7.0,1.1666666666666667,3.0,1.0,1,-1,7,6,0
662,24,0,0,0.0,1.0,3.0,1.5,1,-2,7,7,0
663,24,0,0,1.0,0.875,3.0,1.5,1,-3,7,8,0
664,24,0,0,2.0,0.7777777777777778,4.0,2.5,0,-4,7,9,0
665,24,0,14,8.0,0.7,4.0,3.5,1,-5,7,10,0
666,24,0,14,7.0,0.8,4.0,2.5,1,1,8,10,0
667,24,0,14,4.0,0.9,4.0,2.5,0,2,9,10,0
668,24,0,22,5.0,0.8181818181818182,4.0,3.5,1,-1,9,11,0
669,24,0,22,1.0,0.9090909090909092,3.0,2.5,1,1,10,11,0
670,24,0,22,13.0,1.0,2.0,1.5,0,2,11,11,0
671,24,1,17,1.0,1.0909090909090908,2.0,0.5,1,3,12,11,0
672,24,1,17,5.0,1.0,1.0,0.0,0,-1,12,12,0
673,24,1,17,6.0,0.9230769230769232,1.0,0.0,0,-2,12,13,0
674,24,1,6,9.0,1.0,1.0,0.0,1,1,13,13,0
675,24,1,6,3.0,1.0769230769230769,1.0,-0.5,1,2,14,13,0
676,24,1,6,4.0,1.1538461538461535,1.0,-0.5,0,3,15,13,0
677,24,0,8,7.0,1.0714285714285714,1.0,-0.5,1,-1,15,14,0
678,24,0,8,6.0,1.0,1.0,0.0,1,-2,15,15,0
679,24,0,8,2.0,1.0666666666666669,1.0,-1.0,0,1,16,15,0
680,24,0,8,0.0,1.1333333333333333,1.0,-1.0,0,2,17,15,0
681,24,0,28,1.0,1.0625,1.0,0.0,1,-1,17,16,0
682,24,0,28,0.0,1.0,1.0,0.0,1,-2,17,17,0
683,24,0,28,5.0,0.9444444444444444,2.0,1.0,0,-3,17,18,0
684,24,1,0,4.0,1.0,1.0,0.0,1,1,18,18,0
685,24,1,0,3.0,1.0555555555555556,1.0,0.0,1,2,19,18,0
686,24,1,0,5.0,1.1111111111111112,1.0,0.0,1,3,20,18,0
687,24,1,0,2.0,1.1666666666666667,1.0,0.0,0,4,21,18,0
688,24,1,22,5.0,1.2222222222222223,1.0,-1.0,1,5,22,18,0
689,24,1,22,2.0,1.2777777777777777,1.0,-1.5,1,6,23,18,0
690,24,1,22,3.0,1.3333333333333333,1.0,-2.5,1,7,24,18,0
691,24,0,4,1.0,1.3888888888888888,1.0,-3.5,1,8,25,18,0
692,24,0,4,5.0,1.3157894736842106,1.0,-3.5,0,-1,25,19,0
693,24,0,4,1.0,1.368421052631579,1.0,-3.5,1,1,26,19,0
694,24,0,22,1.0,1.4210526315789471,1.0,-4.0,1,2,27,19,0
695,24,0,22,8.0,1.4736842105263157,1.0,-4.5,1,3,28,19,0
696,24,0,22,4.0,1.5263157894736843,1.0,-4.5,0,4,29,19,0
697,24,1,8,2.0,1.5789473684210529,1.0,-4.5,1,5,30,19,0
698,24,1,8,10.0,1.5,1.0,-4.5,0,-1,30,20,0
699,24,1,8,8.0,1.55,1.0,-4.5,0,1,31,20,0
700,24,1,1,3.0,1.6,1.0,-4.5,0,2,32,20,0
701,24,1,1,4.0,1.5238095238095235,1.0,-4.5,1,-1,32,21,0
702,24,1,1,4.0,1.5714285714285714,1.0,-4.5,1,1,33,21,0
703,24,1,1,6.0,1.5,1.0,-4.5,0,-1,33,22,0
704,24,1,25,5.0,1.5454545454545454,1.0,-5.5,1,1,34,22,0
705,24,1,25,4.0,1.5909090909090908,1.0,-5.5,1,2,35,22,0
706,24,1,25,3.0,1.5217391304347827,1.0,-4.5,1,-1,35,23,0
707,24,0,3,3.0,1.4583333333333333,1.0,-3.5,1,-2,35,24,0
708,24,0,3,2.0,1.4,1.0,-3.0,1,-3,35,25,0
709,24,0,13,2.0,1.44,1.0,-4.0,1,1,36,25,0
710,24,0,13,5.0,1.3846153846153846,1.0,-3.0,0,-1,36,26,0
711,24,0,13,2.0,1.4230769230769231,1.0,-4.0,1,1,37,26,0
712,24,0,15,11.0,1.4615384615384617,1.0,-5.0,1,2,38,26,0
713,24,0,15,3.0,1.5,1.0,-6.0,1,3,39,26,0
714,24,0,15,10.0,1.5384615384615383,1.0,-6.0,0,4,40,26,0
715,24,1,26,5.0,1.5769230769230769,1.0,-6.0,1,5,41,26,0
716,24,1,26,6.0,1.6153846153846154,1.0,-6.5,0,6,42,26,0
717,24,1,26,5.0,1.6538461538461535,1.0,-6.5,0,7,43,26,0
718,24,1,21,0.0,1.6923076923076923,1.0,-6.5,1,8,44,26,0
719,24,1,21,15.0,1.6296296296296295,1.0,-5.5,1,-1,44,27,0
720,24,1,21,7.0,1.6666666666666667,1.0,-5.5,1,1,45,27,0
721,24,1,21,5.0,1.7037037037037035,1.0,-5.5,0,2,46,27,0
722,24,0,20,5.0,1.7407407407407407,1.0,-6.0,1,3,47,27,0
723,24,0,20,2.0,1.7777777777777777,1.0,-7.0,1,4,48,27,0
724,24,0,20,8.0,1.7142857142857142,1.0,-7.0,0,-1,48,28,0
725,24,0,19,3.0,1.75,1.0,-8.0,1,1,49,28,0
726,24,0,19,11.0,1.6896551724137931,1.0,-7.0,1,-1,49,29,0
727,24,1,19,1.0,1.6333333333333333,1.0,-6.0,1,-2,49,30,0
728,24,1,19,12.0,1.5806451612903225,1.0,-6.0,1,-3,49,31,0
729,24,1,0,6.0,1.6129032258064515,1.0,-6.0,1,1,50,31,0
730,24,1,0,5.0,1.6451612903225807,1.0,-6.0,1,2,51,31,0
731,24,1,0,5.0,1.59375,1.0,-5.0,0,-1,51,32,0
732,24,0,8,3.0,1.625,1.0,-5.0,0,1,52,32,0
733,24,0,8,3.0,1.65625,1.0,-5.0,1,2,53,32,0
734,24,0,8,5.0,1.606060606060606,1.0,-5.0,1,-1,53,33,0
735,24,0,0,6.0,1.6363636363636365,1.0,-6.0,1,1,54,33,0
736,24,0,0,4.0,1.6666666666666667,1.0,-6.5,0,2,55,33,0
737,24,0,0,4.0,1.696969696969697,1.0,-6.5,1,3,56,33,0
738,24,1,22,1.0,1.7272727272727273,1.0,-6.5,1,4,57,33,0
739,24,1,22,6.0,1.6764705882352942,1.0,-5.5,1,-1,57,34,0
740,24,1,22,3.0,1.6285714285714286,1.0,-5.5,0,-2,57,35,0
741,24,1,3,0.0,1.5833333333333333,1.0,-5.5,1,-3,57,36,0
742,24,1,3,7.0,1.5405405405405406,1.0,-4.5,1,-4,57,37,0
743,24,1,18,2.0,1.5,1.0,-4.5,1,-5,57,38,0
744,24,1,18,2.0,1.4615384615384617,1.0,-4.0,0,-6,57,39,0
745,24,1,18,2.0,1.4871794871794872,1.0,-4.0,0,1,58,39,0
746,24,0,6,5.0,1.45,1.0,-3.0,1,-1,58,40,0
747,24,0,6,9.0,1.4146341463414631,1.0,-2.5,1,-2,58,41,0
748,24,0,6,1.0,1.4390243902439024,1.0,-2.5,0,1,59,41,0
749,24,0,29,2.0,1.4047619047619049,1.0,-2.5,1,-1,59,42,0
750,24,0,29,1.0,1.372093023255814,1.0,-2.0,1,-2,59,43,0
751,24,0,29,5.0,1.3409090909090908,1.0,-1.0,0,-3,59,44,0
752,24,0,29,3.0,1.3636363636363635,1.0,-2.0,0,1,60,44,0
753,24,1,20,8.0,1.3863636363636365,1.0,-2.0,1,2,61,44,0
754,24,1,20,4.0,1.3555555555555556,1.0,-2.0,1,-1,61,45,0
755,24,1,20,3.0,1.326086956521739,1.0,-2.0,0,-2,61,46,0
756,24,1,29,1.0,1.3478260869565215,1.0,-2.0,1,1,62,46,0
757,24,1,29,7.0,1.319148936170213,1.0,-2.0,1,-1,62,47,0
758,24,1,29,0.0,1.3404255319148937,1.0,-2.0,0,1,63,47,0
759,24,1,14,8.0,1.3125,1.0,-1.0,1,-1,63,48,0
760,24,1,14,0.0,1.3333333333333333,1.0,-1.0,1,1,64,48,0
761,24,1,14,1.0,1.3061224489795915,1.0,0.0,0,-1,64,49,0
762,24,0,2,2.0,1.326530612244898,1.0,-1.0,1,1,65,49,0
763,24,0,2,6.0,1.3,1.0,-1.0,1,-1,65,50,0
764,24,0,2,7.0,1.32,1.0,-1.0,0,1,66,50,0
765,24,0,21,5.0,1.2941176470588236,1.0,-1.0,1,-1,66,51,0
766,24,0,21,3.0,1.2692307692307692,1.0,-0.5,1,-2,66,52,0
767,24,0,21,5.0,1.2452830188679245,2.0,0.5,0,-3,66,53,0
768,24,0,17,10.0,1.2222222222222223,2.0,1.5,1,-4,66,54,0
769,24,0,17,8.0,1.2407407407407407,2.0,0.5,1,1,67,54,0
770,24,0,17,5.0,1.2592592592592593,1.0,-0.5,0,2,68,54,0
771,24,0,17,0.0,1.2363636363636363,1.0,-0.5,1,-1,68,55,0
772,24,1,13,5.0,1.2142857142857142,2.0,0.5,1,-2,68,56,0
773,24,1,13,0.0,1.1929824561403508,2.0,2.0,1,-3,68,57,0
774,24,1,13,4.0,1.1724137931034482,2.0,3.0,1,-4,68,58,0
775,24,0,1,7.0,1.1896551724137931,2.0,2.0,1,1,69,58,0
776,24,0,1,1.0,1.206896551724138,2.0,1.0,1,2,70,58,0
777,24,0,1,13.0,1.1864406779661016,2.0,2.0,0,-1,70,59,0
778,24,0,0,3.0,1.2033898305084745,2.0,2.0,1,1,71,59,0
779,24,0,0,4.0,1.1833333333333331,2.0,2.0,0,-1,71,60,0
780,24,1,4,4.0,1.2,2.0,1.5,1,1,72,60,0
781,24,1,4,1.0,1.180327868852459,2.0,2.0,0,-1,72,61,0
782,24,1,4,3.0,1.1612903225806452,2.0,2.0,0,-2,72,62,0
783,24,1,4,2.0,1.1774193548387095,2.0,2.0,0,1,73,62,0
784,24,1,8,0.0,1.1587301587301588,2.0,3.0,0,-1,73,63,0
785,24,1,8,3.0,1.140625,2.0,4.0,1,-2,73,64,0
786,24,1,8,5.0,1.15625,2.0,4.0,1,1,74,64,0
787,24,1,0,7.0,1.1384615384615384,2.0,5.0,1,-1,74,65,0
788,24,1,0,11.0,1.1538461538461535,2.0,4.0,1,1,75,65,0
789,24,1,0,5.0,1.1692307692307693,2.0,4.0,0,2,76,65,0
790,24,0,22,0.0,1.1846153846153846,2.0,3.0,1,3,77,65,0
791,24,0,22,4.0,1.1666666666666667,2.0,4.0,1,-1,77,66,0
792,24,0,22,1.0,1.1492537313432836,2.0,4.0,0,-2,77,67,0
793,24,0,25,6.0,1.1323529411764706,2.0,5.0,1,-3,77,68,0
794,24,0,25,8.0,1.1470588235294117,2.0,4.0,1,1,78,68,0
795,24,0,25,2.0,1.161764705882353,2.0,4.0,1,2,79,68,0
796,24,0,25,0.0,1.144927536231884,2.0,5.0,0,-1,79,69,0
797,24,1,13,1.0,1.1285714285714286,2.0,5.0,1,-2,79,70,0
798,24,1,13,2.0,1.1126760563380282,2.0,6.0,1,-3,79,71,0
799,24,1,13,3.0,1.1267605633802815,2.0,5.0,1,1,80,71,0
800,24,1,22,2.0,1.1111111111111112,2.0,6.0,1,-1,80,72,0
801,24,1,22,2.0,1.125,2.0,6.0,1,1,81,72,0
802,24,1,22,9.0,1.1095890410958904,2.0,7.0,1,-1,81,73,0
803,24,1,22,3.0,1.1232876712328768,2.0,7.0,0,1,82,73,0
804,24,0,8,12.0,1.108108108108108,2.0,8.0,1,-1,82,74,0
805,24,0,8,0.0,1.1216216216216215,2.0,7.0,1,1,83,74,0
806,24,0,8,7.0,1.106666666666667,2.0,7.0,1,-1,83,75,0
807,24,0,13,9.0,1.12,2.0,7.0,1,1,84,75,0
808,24,0,13,3.0,1.1333333333333333,2.0,6.0,0,2,85,75,0
809,24,0,13,7.0,1.1466666666666667,2.0,5.0,0,3,86,75,0
810,24,1,0,5.0,0.0,1.0,0.0,0,0,0,0,0
811,24,1,0,8.0,0.0,5.0,1.0,1,-1,0,1,0
812,24,1,0,6.0,1.0,2.0,1.0,1,1,1,1,0
813,24,1,0,3.0,0.5,4.0,1.0,1,-1,1,2,0
814,24,1,22,6.0,0.3333333333333333,4.0,2.0,0,-2,1,3,0
815,24,1,22,1.0,0.25,5.0,3.0,1,-3,1,4,0
816,24,1,22,5.0,0.2,5.0,4.0,0,-4,1,5,0
817,24,0,0,4.0,0.4,5.0,4.0,0,1,2,5,0
818,24,0,0,3.0,0.6,5.0,3.0,1,2,3,5,0
819,24,0,0,6.0,0.5,5.0,4.0,1,-1,3,6,0
820,24,0,8,1.0,0.6666666666666666,5.0,3.0,1,1,4,6,0
821,24,0,8,8.0,0.5714285714285714,5.0,3.5,1,-1,4,7,0
822,24,0,8,0.0,0.7142857142857143,5.0,2.5,0,1,5,7,0
823,24,0,8,3.0,0.625,5.0,3.0,0,-1,5,8,0
824,24,1,11,2.0,0.5555555555555556,5.0,4.0,1,-2,5,9,0
825,24,1,11,0.0,0.6666666666666666,4.0,4.0,1,1,6,9,0
826,24,1,8,5.0,0.6,4.0,4.0,1,-1,6,10,0
827,24,1,8,3.0,0.5454545454545454,5.0,5.0,1,-2,6,11,0
828,24,1,8,0.0,0.5,5.0,6.0,0,-3,6,12,0
829,24,0,13,2.0,0.4615384615384615,5.0,7.0,1,-4,6,13,0
830,24,0,13,1.0,0.5384615384615384,5.0,7.0,1,1,7,13,0
831,24,0,13,4.0,0.5,5.0,7.0,1,-1,7,14,0
832,24,0,13,1.0,0.5714285714285714,5.0,6.0,0,1,8,14,0
833,24,0,22,4.0,0.5333333333333333,5.0,6.5,1,-1,8,15,0
834,24,0,22,4.0,0.6,4.0,6.0,1,1,9,15,0
835,24,0,22,2.0,0.5625,5.0,7.0,0,-1,9,16,0
836,24,1,13,4.0,0.5294117647058824,5.0,7.0,1,-2,9,17,0
837,24,1,13,5.0,0.5882352941176471,5.0,6.5,1,1,10,17,0
838,24,1,13,4.0,0.5555555555555556,5.0,7.0,1,-1,10,18,0
839,24,1,6,3.0,0.6111111111111112,5.0,6.5,1,1,11,18,0
840,24,1,6,2.0,0.5789473684210527,5.0,7.0,1,-1,11,19,0
841,24,1,6,0.0,0.55,5.0,8.0,0,-2,11,20,0
842,24,1,17,3.0,0.5238095238095238,5.0,9.0,1,-3,11,21,0
843,24,1,17,1.0,0.5,5.0,9.5,1,-4,11,22,0
844,24,1,17,6.0,0.4782608695652174,5.0,10.0,0,-5,11,23,0
845,24,0,6,2.0,0.5217391304347826,5.0,10.0,1,1,12,23,0
846,24,0,6,3.0,0.5,5.0,11.0,1,-1,12,24,0
847,24,0,6,3.0,0.5416666666666666,5.0,10.0,0,1,13,24,0
848,24,0,6,8.0,0.5833333333333334,4.0,9.0,0,2,14,24,0
849,24,0,13,8.0,0.625,4.0,9.0,1,3,15,24,0
850,24,0,13,2.0,0.6666666666666666,4.0,8.5,1,4,16,24,0
851,24,0,13,1.0,0.7083333333333334,4.0,8.5,0,5,17,24,0
852,24,1,25,6.0,0.68,4.0,9.0,1,-1,17,25,0
853,24,1,25,3.0,0.72,4.0,9.0,1,1,18,25,0
854,24,1,25,3.0,0.76,4.0,8.0,0,2,19,25,0
855,24,1,4,6.0,0.7307692307692307,4.0,9.0,1,-1,19,26,0
856,24,1,4,1.0,0.7692307692307693,4.0,9.0,1,1,20,26,0
857,24,1,4,4.0,0.7407407407407407,4.0,10.0,1,-1,20,27,0
858,24,1,4,1.0,0.7142857142857143,4.0,11.0,0,-2,20,28,0
859,24,0,1,0.0,0.6896551724137931,4.0,11.0,1,-3,20,29,0
860,24,0,1,6.0,0.6666666666666666,4.0,12.0,1,-4,20,30,0
861,24,0,1,7.0,0.7,4.0,11.0,0,1,21,30,0
862,24,0,29,0.0,0.7333333333333333,4.0,11.0,0,2,22,30,0
863,24,0,29,3.0,0.7096774193548387,4.0,11.0,1,-1,22,31,0
864,24,0,29,1.0,0.6875,4.0,11.5,1,-2,22,32,0
865,24,1,20,10.0,0.6666666666666666,4.0,11.5,1,-3,22,33,0
866,24,1,20,3.0,0.696969696969697,4.0,11.0,0,1,23,33,0
867,24,1,20,7.0,0.6764705882352942,4.0,12.0,0,-1,23,34,0
868,24,1,15,7.0,0.6571428571428571,4.0,12.5,1,-2,23,35,0
869,24,1,15,2.0,0.6857142857142857,4.0,12.0,1,1,24,35,0
870,24,1,15,3.0,0.6666666666666666,4.0,13.0,1,-1,24,36,0
871,24,1,15,9.0,0.6486486486486487,4.0,14.0,0,-2,24,37,0
872,24,0,16,0.0,0.6756756756756757,4.0,14.0,1,1,25,37,0
873,24,0,16,2.0,0.6578947368421053,4.0,15.0,0,-1,25,38,0
874,24,0,16,13.0,0.6410256410256411,4.0,16.0,0,-2,25,39,0
875,24,0,11,1.0,0.6666666666666666,4.0,15.0,1,1,26,39,0
876,24,0,11,2.0,0.65,4.0,14.5,0,-1,26,40,0
877,24,1,8,9.0,0.6341463414634146,5.0,15.5,1,-2,26,41,0
878,24,1,8,8.0,0.6190476190476191,5.0,16.5,1,-3,26,42,0
879,24,1,8,1.0,0.6046511627906976,5.0,17.5,0,-4,26,43,0
880,24,1,8,5.0,0.5909090909090909,5.0,18.5,0,-5,26,44,0
881,24,1,1,0.0,0.5777777777777777,5.0,19.5,1,-6,26,45,0
882,24,1,1,6.0,0.5652173913043478,5.0,20.0,1,-7,26,46,0
883,24,1,1,3.0,0.5869565217391305,5.0,20.0,1,1,27,46,0
884,24,1,1,11.0,0.574468085106383,5.0,20.5,1,-1,27,47,0
885,24,0,17,4.0,0.5625,5.0,21.5,1,-2,27,48,0
886,24,0,17,2.0,0.5510204081632653,5.0,22.5,0,-3,27,49,0
887,24,0,17,2.0,0.54,5.0,23.5,0,-4,27,50,0
888,24,0,8,9.0,0.5294117647058824,5.0,24.5,1,-5,27,51,0
889,24,0,8,4.0,0.5490196078431373,5.0,23.5,1,1,28,51,0
890,24,0,8,5.0,0.5686274509803921,5.0,23.5,0,2,29,51,0
891,24,1,21,13.0,0.5882352941176471,5.0,22.5,1,3,30,51,0
892,24,1,21,2.0,0.6078431372549019,5.0,23.0,0,4,31,51,0
893,24,1,21,5.0,0.6274509803921569,5.0,23.0,0,5,32,51,0
894,24,1,9,3.0,0.6470588235294118,5.0,22.0,0,6,33,51,0
895,24,1,9,5.0,0.6346153846153846,5.0,23.0,1,-1,33,52,0
896,24,1,9,2.0,0.6538461538461539,5.0,23.0,0,1,34,52,0
897,24,0,14,1.0,0.6415094339622641,5.0,24.0,1,-1,34,53,0
898,24,0,14,4.0,0.6296296296296297,5.0,25.0,1,-2,34,54,0
899,24,0,14,8.0,0.6181818181818182,5.0,26.0,0,-3,34,55,0
900,24,1,22,5.0,0.6071428571428571,5.0,27.0,1,-4,34,56,0
901,24,1,22,3.0,0.625,5.0,27.0,1,1,35,56,0
902,24,1,22,1.0,0.6140350877192983,5.0,28.0,0,-1,35,57,0
903,24,0,7,3.0,0.603448275862069,5.0,29.0,1,-2,35,58,0
904,24,0,7,2.0,0.5932203389830508,5.0,29.5,1,-3,35,59,0
905,24,0,7,5.0,0.6101694915254238,5.0,29.5,0,1,36,59,0
906,24,0,22,2.0,0.6271186440677966,5.0,29.5,1,2,37,59,0
907,24,0,22,9.0,0.6166666666666667,5.0,29.5,1,-1,37,60,0
908,24,0,22,5.0,0.6065573770491803,5.0,29.5,0,-2,37,61,0
909,24,0,22,2.0,0.6229508196721312,5.0,29.5,0,1,38,61,0
910,24,0,21,3.0,0.6129032258064516,5.0,30.5,1,-1,38,62,0
911,24,0,21,11.0,0.6031746031746031,5.0,31.5,1,-2,38,63,0
912,24,0,21,2.0,0.6190476190476191,5.0,31.5,0,1,39,63,0
913,24,1,13,4.0,0.6349206349206349,5.0,31.5,1,2,40,63,0
914,24,1,13,1.0,0.625,5.0,32.5,0,-1,40,64,0
915,24,1,13,2.0,0.6153846153846154,5.0,33.5,1,-2,40,65,0
916,24,1,19,5.0,0.6060606060606061,5.0,34.5,1,-3,40,66,0
917,24,1,19,10.0,0.5970149253731343,5.0,35.0,1,-4,40,67,0
918,24,0,19,1.0,0.6119402985074627,5.0,35.0,1,1,41,67,0
919,24,0,19,11.0,0.6029411764705882,5.0,35.0,1,-1,41,68,0
920,24,0,0,1.0,0.6176470588235294,5.0,35.0,1,1,42,68,0
921,24,0,0,5.0,0.6086956521739131,5.0,36.0,1,-1,42,69,0
922,24,0,0,6.0,0.6231884057971014,5.0,36.0,0,1,43,69,0
923,24,0,4,3.0,0.6376811594202898,5.0,36.0,1,2,44,69,0
924,24,0,4,6.0,0.6285714285714286,5.0,36.5,1,-1,44,70,0
925,24,0,4,3.0,0.6428571428571429,5.0,35.5,0,1,45,70,0
926,24,1,29,1.0,0.6571428571428571,5.0,35.5,1,2,46,70,0
927,24,1,29,4.0,0.647887323943662,5.0,36.5,0,-1,46,71,1
928,24,1,29,2.0,0.6619718309859155,5.0,37.0,1,1,47,71,1
929,24,1,14,3.0,0.6527777777777778,5.0,37.0,1,-1,47,72,0
930,24,1,14,9.0,0.6438356164383562,5.0,37.5,1,-2,47,73,0
931,24,1,14,1.0,0.6575342465753424,5.0,37.5,0,1,48,73,0
932,24,0,20,5.0,0.6486486486486487,5.0,38.5,1,-1,48,74,0
933,24,0,20,10.0,0.6621621621621622,5.0,38.0,1,1,49,74,0
934,24,0,20,9.0,0.6756756756756757,5.0,38.0,1,2,50,74,0
935,24,0,20,2.0,0.6666666666666666,5.0,39.0,0,-1,50,75,0
936,24,0,15,2.0,0.6578947368421053,5.0,39.0,1,-2,50,76,0
937,24,0,15,3.0,0.6710526315789473,5.0,39.0,1,1,51,76,0
938,24,0,15,4.0,0.6623376623376623,5.0,40.0,0,-1,51,77,0
939,24,1,0,3.0,0.6753246753246753,5.0,39.0,1,1,52,77,0
940,24,1,0,1.0,0.6666666666666666,5.0,40.5,1,-1,52,78,0
941,24,1,0,0.0,0.6582278481012658,5.0,40.5,0,-2,52,79,0
942,24,1,22,3.0,0.65,5.0,40.5,1,-3,52,80,0
943,24,1,22,3.0,0.6625,5.0,40.0,1,1,53,80,0
944,24,1,22,0.0,0.654320987654321,5.0,40.0,1,-1,53,81,0
945,24,0,25,2.0,0.6463414634146342,5.0,40.0,1,-2,53,82,0
946,24,0,25,6.0,0.6385542168674698,5.0,40.0,1,-3,53,83,0
947,24,0,25,2.0,0.6309523809523809,5.0,41.0,0,-4,53,84,0
948,24,0,25,3.0,0.6428571428571429,5.0,39.5,0,1,54,84,0
949,24,1,8,3.0,0.6352941176470588,5.0,39.5,0,-1,54,85,0
950,24,1,8,6.0,0.627906976744186,5.0,39.5,1,-2,54,86,0
951,24,1,8,11.0,0.6206896551724138,5.0,39.5,1,-3,54,87,0
952,24,1,5,9.0,0.632183908045977,5.0,38.5,1,1,55,87,0
953,24,1,5,1.0,0.6436781609195402,5.0,37.0,1,2,56,87,0
954,24,1,5,1.0,0.6363636363636364,5.0,37.0,0,-1,56,88,0
955,24,0,13,8.0,0.6292134831460674,5.0,37.0,1,-2,56,89,0
956,24,0,13,3.0,0.6404494382022472,5.0,36.0,1,1,57,89,0
957,24,0,13,1.0,0.6333333333333333,5.0,37.0,1,-1,57,90,0
958,24,0,0,2.0,0.6263736263736264,5.0,38.0,1,-2,57,91,0
959,24,0,0,0.0,0.6195652173913043,5.0,39.0,1,-3,57,92,0
960,24,0,0,7.0,0.6129032258064516,5.0,40.0,0,-4,57,93,0
961,24,0,8,4.0,0.6236559139784946,5.0,39.0,1,1,58,93,0
962,24,0,8,4.0,0.6344086021505376,5.0,37.5,0,2,59,93,0
963,24,1,13,2.0,0.6451612903225806,5.0,36.5,1,3,60,93,0
964,24,1,13,2.0,0.6382978723404256,5.0,38.0,1,-1,60,94,0
965,24,1,13,1.0,0.648936170212766,5.0,37.0,0,1,61,94,0
966,24,1,0,9.0,0.6421052631578947,5.0,38.0,1,-1,61,95,0
967,24,1,0,4.0,0.6526315789473685,5.0,38.0,1,1,62,95,0
968,24,1,0,3.0,0.6458333333333334,5.0,39.0,0,-1,62,96,0
969,24,0,22,8.0,0.6391752577319587,5.0,40.0,1,-2,62,97,0
970,24,0,22,2.0,0.6494845360824743,5.0,39.0,0,1,63,97,0
971,24,0,22,5.0,0.6428571428571429,5.0,40.0,0,-1,63,98,0
972,24,1,13,1.0,0.0,1.0,0.0,0,0,0,0,0
973,24,1,13,1.0,1.0,1.0,0.0,1,1,1,0,0
974,24,1,13,0.0,2.0,1.0,0.0,1,2,2,0,0
975,24,1,13,0.0,2.0,1.0,0.0,1,-1,2,1,0
976,24,0,23,4.0,1.0,2.0,0.5,0,-2,2,2,0
977,24,0,23,10.0,0.6666666666666666,2.0,2.0,0,-3,2,3,0
978,24,0,13,7.0,1.0,2.0,2.0,0,1,3,3,0
979,24,0,13,1.0,1.3333333333333333,2.0,1.5,0,2,4,3,0
980,24,0,0,1.0,1.0,2.0,2.5,1,-1,4,4,0
981,24,0,0,5.0,0.8,2.0,3.5,1,-2,4,5,0
982,24,0,0,3.0,1.0,2.0,2.5,0,1,5,5,0
983,24,1,22,7.0,0.8333333333333334,2.0,3.5,1,-1,5,6,0
984,24,1,22,1.0,1.0,2.0,3.0,1,1,6,6,0
985,24,1,22,4.0,0.8571428571428571,3.0,4.0,1,-1,6,7,0
986,24,1,22,1.0,0.75,3.0,5.0,0,-2,6,8,0
987,24,1,0,0.0,0.6666666666666666,3.0,5.0,1,-3,6,9,0
988,24,1,0,4.0,0.6,4.0,6.0,1,-4,6,10,0
989,24,1,0,1.0,0.7,4.0,5.0,1,1,7,10,0
990,24,1,12,8.0,0.6363636363636364,4.0,6.0,1,-1,7,11,0
991,24,1,12,3.0,0.7272727272727273,4.0,5.0,1,1,8,11,0
992,24,1,12,4.0,0.6666666666666666,4.0,6.0,0,-1,8,12,0
993,24,0,29,4.0,0.75,4.0,6.0,1,1,9,12,0
994,24,0,29,4.0,0.8333333333333334,4.0,5.5,1,2,10,12,0
995,24,0,29,2.0,0.9166666666666666,4.0,5.5,0,3,11,12,0
996,24,0,13,6.0,0.8461538461538461,4.0,5.5,1,-1,11,13,0
997,24,0,13,6.0,0.9230769230769232,3.0,6.0,0,1,12,13,1
998,24,0,13,8.0,0.8571428571428571,3.0,6.5,1,-1,12,14,1
999,24,0,13,4.0,0.9285714285714286,3.0,6.5,0,1,13,14,0
1000,24,0,22,6.0,1.0,3.0,5.5,1,2,14,14,0
1001,24,0,22,2.0,1.0714285714285714,2.0,5.5,1,3,15,14,0
1002,24,0,22,9.0,1.0,3.0,6.5,0,-1,15,15,0
1003,24,1,1,9.0,1.0666666666666669,3.0,5.5,1,1,16,15,0
1004,24,1,1,11.0,1.1333333333333333,3.0,4.0,1,2,17,15,0
1005,24,1,1,4.0,1.2,3.0,4.0,0,3,18,15,0
1006,24,1,20,0.0,1.2666666666666666,3.0,4.0,1,4,19,15,0
1007,24,1,20,2.0,1.1875,3.0,4.5,1,-1,19,16,0
1008,24,1,20,3.0,1.1176470588235294,3.0,5.5,1,-2,19,17,0
1009,24,1,20,3.0,1.0555555555555556,3.0,5.5,0,-3,19,18,0
1010,24,1,21,2.0,1.0,3.0,5.5,1,-4,19,19,0
1011,24,1,21,5.0,0.95,3.0,5.5,1,-5,19,20,0
1012,24,1,21,5.0,0.9047619047619048,3.0,5.5,0,-6,19,21,0
1013,24,0,6,10.0,0.9523809523809524,3.0,4.5,1,1,20,21,0
1014,24,0,6,5.0,1.0,3.0,3.5,1,2,21,21,0
1015,24,0,6,3.0,1.0476190476190477,3.0,3.5,0,3,22,21,0
1016,24,0,8,3.0,1.0,3.0,3.5,1,-1,22,22,0
1017,24,0,8,1.0,0.9565217391304348,3.0,4.0,1,-2,22,23,0
1018,24,0,8,9.0,0.9166666666666666,3.0,4.0,0,-3,22,24,0
1019,24,0,8,9.0,0.9583333333333334,3.0,3.0,0,1,23,24,0
1020,24,1,10,2.0,1.0,3.0,2.0,1,2,24,24,0
1021,24,1,10,1.0,0.96,3.0,2.0,0,-1,24,25,0
1022,24,1,4,2.0,0.9230769230769232,3.0,2.0,0,-2,24,26,0
1023,24,1,4,5.0,0.8888888888888888,3.0,3.0,1,-3,24,27,0
1024,24,1,4,3.0,0.925925925925926,3.0,2.0,1,1,25,27,0
1025,24,1,8,5.0,0.8928571428571429,3.0,3.0,1,-1,25,28,0
1026,24,1,8,4.0,0.8620689655172413,4.0,4.0,1,-2,25,29,0
1027,24,1,8,7.0,0.8333333333333334,4.0,5.0,1,-3,25,30,0
1028,24,0,20,4.0,0.8666666666666667,4.0,4.0,1,1,26,30,0
1029,24,0,20,2.0,0.9,3.0,3.0,1,2,27,30,0
1030,24,0,20,6.0,0.9333333333333332,3.0,2.5,0,3,28,30,0
1031,24,0,0,10.0,0.9666666666666668,3.0,2.5,1,4,29,30,0
1032,24,0,0,2.0,1.0,3.0,1.5,1,5,30,30,0
1033,24,0,0,5.0,0.967741935483871,4.0,2.5,0,-1,30,31,0
1034,24,1,29,9.0,1.0,3.0,1.5,1,1,31,31,0
1035,24,1,29,5.0,1.032258064516129,2.0,1.5,0,2,32,31,0
1036,24,1,29,2.0,1.0,2.0,2.5,0,-1,32,32,0
1037,24,1,14,5.0,1.03125,2.0,2.5,1,1,33,32,0
1038,24,1,14,1.0,1.0,3.0,3.5,1,-1,33,33,0
1039,24,1,14,4.0,0.9705882352941176,3.0,4.5,1,-2,33,34,0
1040,24,1,14,6.0,0.9428571428571428,4.0,4.5,0,-3,33,35,0
1041,24,1,13,2.0,0.9714285714285714,3.0,4.5,1,1,34,35,0
1042,24,1,13,1.0,0.9444444444444444,4.0,5.5,1,-1,34,36,0
1043,24,1,13,4.0,0.918918918918919,4.0,5.5,0,-2,34,37,0
1044,24,0,14,4.0,0.945945945945946,3.0,4.5,1,1,35,37,0
1045,24,0,14,6.0,0.9210526315789472,3.0,5.5,1,-1,35,38,0
1046,24,0,14,6.0,0.9473684210526316,3.0,4.5,0,1,36,38,0
1047,24,0,22,3.0,0.9736842105263158,3.0,4.0,1,2,37,38,0
1048,24,0,22,2.0,1.0,3.0,4.0,1,3,38,38,0
1049,24,0,22,5.0,0.9743589743589745,4.0,5.0,0,-1,38,39,0
1050,24,0,22,3.0,1.0,3.0,5.0,0,1,39,39,0
1051,24,0,8,3.0,1.0256410256410255,3.0,5.0,1,2,40,39,0
1052,24,0,8,1.0,1.051282051282051,3.0,4.5,1,3,41,39,0
1053,24,0,8,8.0,1.0769230769230769,3.0,4.5,0,4,42,39,0
1054,24,1,0,2.0,1.05,3.0,5.5,1,-1,42,40,0
1055,24,1,0,7.0,1.075,3.0,4.5,1,1,43,40,0
1056,24,1,0,9.0,1.1,2.0,3.5,0,2,44,40,0
1057,24,1,8,2.0,1.125,2.0,2.5,1,3,45,40,0
1058,24,1,8,1.0,1.0975609756097562,3.0,2.5,1,-1,45,41,0
1059,24,1,8,0.0,1.0714285714285714,3.0,3.5,1,-2,45,42,0
1060,24,0,25,2.0,1.0465116279069768,3.0,3.5,1,-3,45,43,0
1061,24,0,25,3.0,1.0227272727272727,3.0,3.5,1,-4,45,44,0
1062,24,0,25,2.0,1.0454545454545454,3.0,3.5,0,1,46,44,0
1063,24,0,25,13.0,1.022222222222222,4.0,4.5,0,-1,46,45,0
1064,24,0,4,2.0,1.0444444444444445,3.0,3.5,1,1,47,45,0
1065,24,0,4,0.0,1.0666666666666669,3.0,3.0,1,2,48,45,0
1066,24,0,4,5.0,1.0434782608695652,3.0,4.0,0,-1,48,46,0
1067,24,0,19,7.0,1.065217391304348,3.0,3.0,1,1,49,46,0
1068,24,0,19,3.0,1.0869565217391304,3.0,3.0,1,2,50,46,0
1069,24,0,19,2.0,1.0638297872340423,4.0,3.5,0,-1,50,47,0
1070,24,1,19,5.0,1.0416666666666667,4.0,4.0,1,-2,50,48,0
1071,24,1,19,3.0,1.0625,4.0,4.0,1,1,51,48,0
1072,24,1,19,5.0,1.0408163265306123,4.0,4.0,0,-1,51,49,0
1073,24,1,23,4.0,1.02,4.0,5.0,1,-2,51,50,0
1074,24,1,23,2.0,1.04,4.0,4.5,0,1,52,50,0
1075,24,0,15,5.0,1.0196078431372548,4.0,4.5,1,-1,52,51,0
1076,24,0,15,1.0,1.0,4.0,5.5,1,-2,52,52,0
1077,24,0,15,1.0,0.981132075471698,4.0,6.5,1,-3,52,53,0
1078,24,0,15,8.0,0.9629629629629628,4.0,7.5,0,-4,52,54,0
1079,24,1,22,5.0,0.9814814814814816,4.0,6.5,1,1,53,54,0
1080,24,1,22,3.0,1.0,4.0,5.5,0,2,54,54,0
1081,24,1,0,8.0,1.0185185185185186,4.0,5.0,1,3,55,54,0
1082,24,1,0,3.0,1.037037037037037,4.0,5.0,1,4,56,54,0
1083,24,1,0,3.0,1.018181818181818,4.0,5.0,1,-1,56,55,0
1084,24,1,0,3.0,1.0,4.0,6.0,0,-2,56,56,0
1085,24,0,10,1.0,1.0178571428571428,4.0,5.0,1,1,57,56,0
1086,24,0,10,1.0,1.0,4.0,6.0,0,-1,57,57,0
1087,24,0,21,5.0,0.9827586206896552,4.0,6.5,1,-2,57,58,0
1088,24,0,21,13.0,0.9661016949152542,4.0,7.0,1,-3,57,59,0
1089,24,0,21,0.0,0.9830508474576272,4.0,6.0,1,1,58,59,0
1090,24,0,21,4.0,0.9666666666666668,4.0,6.0,0,-1,58,60,0
1091,24,1,13,5.0,0.9833333333333332,4.0,6.0,1,1,59,60,0
1092,24,1,13,2.0,1.0,4.0,5.0,1,2,60,60,0
1093,24,1,13,3.0,1.0166666666666666,4.0,5.0,1,3,61,60,0
1094,24,1,6,1.0,1.0,4.0,5.5,1,-1,61,61,0
1095,24,1,6,1.0,0.9838709677419356,4.0,7.0,1,-2,61,62,0
1096,24,1,6,4.0,0.9682539682539684,4.0,7.0,0,-3,61,63,0
1097,24,1,17,2.0,0.953125,4.0,8.0,1,-4,61,64,0
1098,24,1,17,3.0,0.96875,4.0,7.5,1,1,62,64,0
1099,24,1,17,3.0,0.953846153846154,4.0,8.5,1,-1,62,65,0
1100,24,1,17,3.0,0.9393939393939394,4.0,9.5,0,-2,62,66,0
1101,24,0,27,6.0,0.9545454545454546,4.0,9.0,1,1,63,66,0
1102,24,0,27,5.0,0.9402985074626866,4.0,9.0,0,-1,63,67,0
1103,24,0,27,3.0,0.9552238805970148,4.0,8.0,0,1,64,67,0
1104,24,0,0,2.0,0.9701492537313432,4.0,8.0,1,2,65,67,0
1105,24,0,0,1.0,0.9850746268656716,4.0,7.0,1,3,66,67,0
1106,24,0,0,1.0,1.0,4.0,6.0,1,4,67,67,0
1107,24,0,17,7.0,0.9852941176470588,4.0,7.0,1,-1,67,68,0
1108,24,0,17,1.0,1.0,4.0,6.5,0,1,68,68,0
1109,24,0,17,1.0,0.9855072463768116,4.0,6.5,0,-1,68,69,0
1110,24,1,8,8.0,0.9714285714285714,4.0,7.5,0,-2,68,70,0
1111,24,1,8,2.0,0.9577464788732394,4.0,8.0,1,-3,68,71,0
1112,24,1,8,3.0,0.9444444444444444,4.0,9.0,1,-4,68,72,0
1113,24,1,15,2.0,0.9315068493150684,4.0,10.0,1,-5,68,73,0
1114,24,1,15,3.0,0.918918918918919,4.0,10.0,1,-6,68,74,0
1115,24,1,15,3.0,0.9066666666666666,4.0,11.0,0,-7,68,75,0
1116,24,0,1,1.0,0.8947368421052632,4.0,11.0,1,-8,68,76,0
1117,24,0,1,1.0,0.8831168831168831,4.0,12.0,1,-9,68,77,0
1118,24,0,1,1.0,0.8717948717948718,4.0,12.0,0,-10,68,78,0
1119,24,0,8,2.0,0.8607594936708861,4.0,13.0,1,-11,68,79,0
1120,24,0,8,3.0,0.8734177215189873,4.0,12.5,1,1,69,79,0
1121,24,0,8,2.0,0.8860759493670886,4.0,12.0,0,2,70,79,0
1122,24,1,22,4.0,0.875,4.0,12.5,1,-1,70,80,0
1123,24,1,22,5.0,0.8875,4.0,12.0,1,1,71,80,0
1124,24,1,22,4.0,0.9,4.0,12.0,1,2,72,80,0
1125,24,1,25,3.0,0.8888888888888888,4.0,13.0,1,-1,72,81,0
1126,24,1,25,4.0,0.8780487804878049,4.0,13.0,0,-2,72,82,0
1127,24,1,25,2.0,0.8674698795180723,4.0,14.0,0,-3,72,83,0
1128,24,0,22,0.0,0.8571428571428571,4.0,15.0,1,-4,72,84,0
1129,24,0,22,5.0,0.8470588235294118,4.0,16.0,1,-5,72,85,0
1130,24,0,22,2.0,0.8588235294117647,4.0,15.0,1,1,73,85,0
1131,24,0,13,1.0,0.8488372093023255,4.0,15.5,1,-1,73,86,0
1132,24,0,13,6.0,0.8390804597701149,4.0,17.0,0,-2,73,87,0
1133,24,0,13,0.0,0.8295454545454546,4.0,17.0,0,-3,73,88,0
1134,24,1,22,0.0,0.0,1.0,0.0,0,0,0,0,0
1135,24,1,22,1.0,0.0,4.0,1.0,1,-1,0,1,0
1136,24,1,22,3.0,0.0,5.0,2.0,1,-2,0,2,0
1137,24,1,22,1.0,0.5,4.0,1.0,0,1,1,2,0
1138,24,1,13,4.0,0.3333333333333333,4.0,2.0,1,-1,1,3,0
1139,24,1,13,5.0,0.6666666666666666,3.0,1.0,1,1,2,3,0
1140,24,1,13,3.0,0.5,4.0,2.0,1,-1,2,4,0
1141,24,0,26,2.0,0.4,5.0,3.0,0,-2,2,5,0
1142,24,0,26,6.0,0.3333333333333333,5.0,4.0,0,-3,2,6,0
1143,24,0,26,0.0,0.5,4.0,4.0,0,1,3,6,0
1144,24,0,22,5.0,0.4285714285714285,4.0,5.0,1,-1,3,7,0
1145,24,0,22,7.0,0.375,4.0,5.0,1,-2,3,8,0
1146,24,0,22,1.0,0.5,4.0,4.0,0,1,4,8,0
1147,24,0,8,1.0,0.4444444444444444,4.0,4.0,1,-1,4,9,0
1148,24,0,8,3.0,0.5555555555555556,4.0,4.0,1,1,5,9,0
1149,24,0,8,5.0,0.6666666666666666,4.0,4.0,0,2,6,9,0
1150,24,0,8,0.0,0.7777777777777778,3.0,4.0,0,3,7,9,0
1151,24,1,29,7.0,0.7,4.0,4.0,1,-1,7,10,0
1152,24,1,29,6.0,0.8,4.0,2.5,1,1,8,10,0
1153,24,1,29,2.0,0.7272727272727273,4.0,3.5,0,-1,8,11,0
1154,24,1,21,1.0,0.6666666666666666,4.0,4.5,1,-2,8,12,0
1155,24,1,21,1.0,0.6153846153846154,5.0,5.5,0,-3,8,13,0
1156,24,1,21,3.0,0.5714285714285714,5.0,5.5,0,-4,8,14,0
1157,24,1,28,7.0,0.6428571428571429,5.0,5.5,1,1,9,14,0
1158,24,1,28,4.0,0.7142857142857143,4.0,4.5,0,2,10,14,0
1159,24,0,18,3.0,0.7857142857142857,4.0,3.5,1,3,11,14,0
1160,24,0,18,4.0,0.7333333333333333,5.0,5.0,0,-1,11,15,0
1161,24,0,18,5.0,0.6875,5.0,6.0,0,-2,11,16,0
1162,24,0,13,3.0,0.6470588235294118,5.0,7.0,1,-3,11,17,0
1163,24,0,13,3.0,0.7058823529411765,5.0,6.0,1,1,12,17,0
1164,24,0,13,2.0,0.6666666666666666,5.0,7.0,1,-1,12,18,0
1165,24,1,6,12.0,0.7222222222222222,5.0,6.0,1,1,13,18,0
1166,24,1,6,2.0,0.7777777777777778,5.0,6.0,1,2,14,18,0
1167,24,1,6,6.0,0.7368421052631579,5.0,7.0,0,-1,14,19,0
1168,24,1,6,4.0,0.7894736842105263,5.0,6.0,0,1,15,19,0
1169,24,1,8,14.0,0.75,5.0,7.0,1,-1,15,20,0
1170,24,1,8,11.0,0.8,4.0,7.0,0,1,16,20,0
1171,24,0,6,0.0,0.7619047619047619,5.0,7.5,1,-1,16,21,0
1172,24,0,6,4.0,0.7272727272727273,5.0,8.5,1,-2,16,22,0
1173,24,0,6,6.0,0.6956521739130435,5.0,8.5,0,-3,16,23,0
1174,24,0,28,3.0,0.7391304347826086,5.0,8.5,1,1,17,23,0
1175,24,0,28,4.0,0.7083333333333334,5.0,9.5,0,-1,17,24,0
1176,24,1,0,0.0,0.75,5.0,9.5,1,1,18,24,0
1177,24,1,0,8.0,0.72,5.0,10.5,1,-1,18,25,0
1178,24,1,0,3.0,0.76,5.0,9.5,0,1,19,25,0
1179,24,0,1,1.0,0.8,4.0,9.5,1,2,20,25,0
1180,24,0,1,4.0,0.7692307692307693,5.0,10.0,1,-1,20,26,0
1181,24,0,1,2.0,0.8076923076923077,5.0,10.0,1,1,21,26,0
1182,24,0,1,4.0,0.7777777777777778,5.0,10.0,0,-1,21,27,0
1183,24,0,0,2.0,0.75,5.0,10.5,1,-2,21,28,0
1184,24,0,0,4.0,0.7241379310344828,5.0,11.5,0,-3,21,29,0
1185,24,0,0,2.0,0.7,5.0,12.5,0,-4,21,30,0
1186,24,1,14,3.0,0.6774193548387096,5.0,13.5,1,-5,21,31,0
1187,24,1,14,2.0,0.65625,5.0,14.0,1,-6,21,32,0
1188,24,1,14,3.0,0.6363636363636364,5.0,15.0,0,-7,21,33,0
1189,24,1,2,6.0,0.6666666666666666,5.0,15.0,1,1,22,33,0
1190,24,1,2,8.0,0.6470588235294118,5.0,16.0,0,-1,22,34,0
1191,24,1,2,8.0,0.6764705882352942,5.0,16.0,0,1,23,34,0
1192,24,1,17,9.0,0.7058823529411765,5.0,16.0,1,2,24,34,0
1193,24,1,17,0.0,0.7352941176470589,5.0,16.5,1,3,25,34,0
1194,24,1,17,3.0,0.7142857142857143,5.0,16.5,0,-1,25,35,0
1195,24,0,13,2.0,0.6944444444444444,5.0,17.0,1,-2,25,36,0
1196,24,0,13,2.0,0.7222222222222222,5.0,16.0,0,1,26,36,0
1197,24,0,13,0.0,0.7027027027027027,5.0,17.0,0,-1,26,37,0
1198,24,0,22,6.0,0.6842105263157895,5.0,18.0,1,-2,26,38,0
1199,24,0,22,4.0,0.7105263157894737,5.0,16.5,1,1,27,38,0
1200,24,0,15,5.0,0.7368421052631579,5.0,16.0,1,2,28,38,0
1201,24,0,15,8.0,0.7631578947368421,5.0,16.5,0,3,29,38,0
1202,24,0,15,3.0,0.7894736842105263,5.0,15.5,0,4,30,38,0
1203,24,1,13,3.0,0.7692307692307693,5.0,16.5,1,-1,30,39,0
1204,24,1,13,0.0,0.7948717948717948,5.0,15.5,1,1,31,39,0
1205,24,1,13,2.0,0.775,5.0,16.5,1,-1,31,40,0
1206,24,1,13,8.0,0.7560975609756098,5.0,17.5,1,-2,31,41,0
1207,24,1,0,11.0,0.7380952380952381,5.0,18.5,1,-3,31,42,0
1208,24,1,0,7.0,0.7619047619047619,5.0,18.5,1,1,32,42,0
1209,24,1,0,2.0,0.7857142857142857,5.0,18.5,0,2,33,42,0
1210,24,0,8,0.0,0.7674418604651163,5.0,19.5,1,-1,33,43,0
1211,24,0,8,4.0,0.75,5.0,19.5,1,-2,33,44,0
1212,24,0,8,3.0,0.7727272727272727,5.0,19.5,0,1,34,44,0
1213,24,0,0,1.0,0.7555555555555555,5.0,19.5,1,-1,34,45,0
1214,24,0,0,6.0,0.7391304347826086,5.0,20.5,1,-2,34,46,0
1215,24,0,0,3.0,0.7608695652173914,5.0,19.5,1,1,35,46,0
1216,24,0,0,10.0,0.7446808510638298,5.0,19.5,0,-1,35,47,0
1217,24,1,22,13.0,0.7659574468085106,5.0,19.5,1,1,36,47,0
1218,24,1,22,10.0,0.7872340425531915,5.0,19.0,1,2,37,47,0
1219,24,1,22,7.0,0.8085106382978723,5.0,19.0,1,3,38,47,0
1220,24,0,25,4.0,0.8297872340425532,5.0,19.0,1,4,39,47,0
1221,24,0,25,8.0,0.8125,5.0,19.5,1,-1,39,48,0
1222,24,0,25,1.0,0.8333333333333334,5.0,18.5,0,1,40,48,0
1223,24,1,15,10.0,0.8541666666666666,5.0,17.5,1,2,41,48,0
1224,24,1,15,4.0,0.875,5.0,16.5,1,3,42,48,0
1225,24,1,15,8.0,0.8571428571428571,5.0,17.5,0,-1,42,49,0
1226,24,1,8,19.0,0.8775510204081632,5.0,17.5,0,1,43,49,1
1227,24,1,8,2.0,0.8979591836734694,5.0,17.0,1,2,44,49,1
1228,24,1,8,8.0,0.9183673469387756,5.0,17.0,1,3,45,49,0
1229,24,1,8,11.0,0.9387755102040816,3.0,16.0,0,4,46,49,0
1230,24,0,17,3.0,0.9591836734693876,3.0,16.0,1,5,47,49,0
1231,24,0,17,1.0,0.979591836734694,3.0,15.0,1,6,48,49,0
1232,24,0,17,4.0,1.0,3.0,15.0,0,7,49,49,0
1233,24,0,17,3.0,0.98,3.0,16.0,0,-1,49,50,0
1234,24,0,4,5.0,1.0,2.0,16.0,1,1,50,50,0
1235,24,0,4,5.0,1.02,2.0,15.5,1,2,51,50,0
1236,24,0,4,1.0,1.04,2.0,14.5,0,3,52,50,0
1237,24,1,22,2.0,1.0196078431372548,2.0,14.5,1,-1,52,51,0
1238,24,1,22,1.0,1.03921568627451,2.0,14.5,1,1,53,51,0
1239,24,1,22,7.0,1.0192307692307692,2.0,15.5,0,-1,53,52,0
1240,24,1,20,2.0,1.0384615384615383,2.0,14.5,1,1,54,52,0
1241,24,1,20,5.0,1.018867924528302,2.0,15.0,1,-1,54,53,0
1242,24,1,20,2.0,1.0377358490566038,2.0,15.0,0,1,55,53,0
1243,24,1,8,4.0,1.0185185185185186,2.0,16.0,1,-1,55,54,0
1244,24,1,8,6.0,1.0,2.0,16.0,1,-2,55,55,0
1245,24,1,8,2.0,1.018181818181818,2.0,16.0,0,1,56,55,0
1246,24,0,29,0.0,1.0,2.0,17.0,1,-1,56,56,0
1247,24,0,29,3.0,0.9824561403508772,2.0,18.0,1,-2,56,57,0
1248,24,0,29,1.0,0.9655172413793104,3.0,19.0,0,-3,56,58,0
1249,24,0,20,5.0,0.9491525423728814,3.0,20.0,1,-4,56,59,0
1250,24,0,20,6.0,0.9661016949152542,3.0,19.5,1,1,57,59,0
1251,24,0,20,3.0,0.95,3.0,19.5,0,-1,57,60,0
1252,24,0,20,9.0,0.9666666666666668,3.0,19.5,0,1,58,60,0
1253,24,0,19,3.0,0.9833333333333332,3.0,19.5,1,2,59,60,0
1254,24,0,19,5.0,1.0,3.0,19.5,0,3,60,60,0
1255,24,1,0,7.0,0.9836065573770492,3.0,20.5,1,-1,60,61,0
1256,24,1,0,10.0,1.0,2.0,19.5,1,1,61,61,0
1257,24,1,0,11.0,1.0163934426229508,2.0,19.5,1,2,62,61,0
1258,24,1,0,1.0,1.0327868852459017,2.0,18.5,0,3,63,61,0
1259,24,1,4,3.0,1.0161290322580645,2.0,18.5,1,-1,63,62,0
1260,24,1,4,11.0,1.0,3.0,19.5,1,-2,63,63,0
1261,24,1,4,0.0,0.984375,3.0,20.5,0,-3,63,64,0
1262,24,1,19,10.0,0.9692307692307692,3.0,21.5,1,-4,63,65,0
1263,24,1,19,5.0,0.9846153846153848,2.0,21.0,0,1,64,65,0
1264,24,0,0,4.0,1.0,2.0,20.0,1,2,65,65,0
1265,24,0,0,2.0,0.9848484848484848,3.0,20.0,1,-1,65,66,0
1266,24,0,22,3.0,0.9701492537313432,3.0,21.0,1,-2,65,67,0
1267,24,0,22,8.0,0.9558823529411764,3.0,21.5,1,-3,65,68,0
1268,24,0,22,1.0,0.9705882352941176,3.0,20.5,1,1,66,68,0
1269,24,0,22,4.0,0.9565217391304348,3.0,20.5,0,-1,66,69,0
1270,24,1,25,1.0,0.9428571428571428,3.0,21.5,0,-2,66,70,0
1271,24,1,25,0.0,0.9295774647887324,3.0,22.5,1,-3,66,71,0
1272,24,1,25,9.0,0.9166666666666666,3.0,23.5,1,-4,66,72,0
1273,24,1,25,0.0,0.9305555555555556,3.0,23.5,0,1,67,72,0
1274,24,1,13,5.0,0.9178082191780822,3.0,24.0,1,-1,67,73,0
1275,24,1,13,1.0,0.9315068493150684,3.0,23.0,1,1,68,73,0
1276,24,1,13,0.0,0.9452054794520548,3.0,22.0,0,2,69,73,0
1277,24,0,21,4.0,0.9324324324324323,3.0,23.0,1,-1,69,74,0
1278,24,0,21,5.0,0.92,3.0,23.5,1,-2,69,75,0
1279,24,0,21,3.0,0.9333333333333332,3.0,23.5,1,1,70,75,0
1280,24,0,21,2.0,0.9210526315789472,3.0,23.5,0,-1,70,76,0
1281,24,0,14,1.0,0.9090909090909092,3.0,24.5,1,-2,70,77,0
1282,24,0,14,2.0,0.922077922077922,3.0,24.5,1,1,71,77,0
1283,24,0,14,2.0,0.9102564102564102,3.0,24.5,0,-1,71,78,0
1284,24,1,3,7.0,0.9230769230769232,3.0,24.5,1,1,72,78,0
1285,24,1,3,11.0,0.935897435897436,3.0,24.5,1,2,73,78,0
1286,24,1,3,4.0,0.9487179487179488,3.0,23.5,0,3,74,78,0
1287,24,1,1,0.0,0.9367088607594936,3.0,24.0,1,-1,74,79,0
1288,24,1,1,1.0,0.925,3.0,25.0,1,-2,74,80,0
1289,24,1,1,4.0,0.9135802469135802,3.0,25.0,0,-3,74,81,0
1290,24,0,8,5.0,0.925925925925926,3.0,25.0,1,1,75,81,0
1291,24,0,8,2.0,0.9146341463414634,3.0,26.0,1,-1,75,82,0
1292,24,0,8,8.0,0.926829268292683,3.0,26.0,0,1,76,82,0
1293,24,0,13,2.0,0.9390243902439024,3.0,26.0,1,2,77,82,0
1294,24,0,13,0.0,0.927710843373494,3.0,27.0,0,-1,77,83,0
1295,24,0,13,0.0,0.9166666666666666,3.0,28.0,0,-2,77,84,0
1296,24,1,13,1.0,0.0,1.0,0.0,1,0,0,0,0
1297,24,1,13,1.0,0.0,5.0,1.0,1,-1,0,1,0
1298,24,1,13,5.0,0.0,5.0,2.0,0,-2,0,2,0
1299,24,1,13,3.0,0.5,4.0,1.5,1,1,1,2,0
1300,24,0,22,3.0,1.0,3.0,0.5,1,2,2,2,0
1301,24,0,22,7.0,0.6666666666666666,4.0,2.0,1,-1,2,3,0
1302,24,0,22,7.0,1.0,4.0,1.5,1,1,3,3,0
1303,24,0,27,9.0,0.75,4.0,2.0,1,-1,3,4,0
1304,24,0,27,7.0,1.0,4.0,2.0,1,1,4,4,0
1305,24,0,27,5.0,1.25,4.0,1.0,0,2,5,4,0
1306,24,1,8,6.0,1.0,4.0,2.0,1,-1,5,5,0
1307,24,1,8,2.0,0.8333333333333334,4.0,3.0,1,-2,5,6,0
1308,24,1,8,4.0,0.7142857142857143,4.0,4.0,1,-3,5,7,0
1309,24,1,8,4.0,0.8571428571428571,4.0,3.0,0,1,6,7,0
1310,24,1,13,2.0,0.75,4.0,4.0,1,-1,6,8,0
1311,24,1,13,5.0,0.6666666666666666,4.0,5.0,1,-2,6,9,0
1312,24,1,13,2.0,0.7777777777777778,4.0,5.0,0,1,7,9,0
1313,24,1,10,4.0,0.7,4.0,5.0,1,-1,7,10,0
1314,24,1,10,7.0,0.6363636363636364,5.0,5.0,1,-2,7,11,0
1315,24,1,10,1.0,0.7272727272727273,4.0,5.0,1,1,8,11,0
1316,24,0,19,7.0,0.6666666666666666,5.0,5.0,1,-1,8,12,0
1317,24,0,19,6.0,0.6153846153846154,5.0,6.0,0,-2,8,13,0
1318,24,0,19,3.0,0.5714285714285714,5.0,7.0,0,-3,8,14,0
1319,24,1,12,6.0,0.5333333333333333,5.0,8.0,1,-4,8,15,0
1320,24,1,12,8.0,0.5,5.0,9.0,0,-5,8,16,0
1321,24,0,12,7.0,0.5625,5.0,9.0,1,1,9,16,0
1322,24,0,12,10.0,0.625,5.0,8.0,1,2,10,16,0
1323,24,0,0,6.0,0.6875,5.0,8.0,1,3,11,16,0
1324,24,0,0,5.0,0.75,5.0,8.0,1,4,12,16,0
1325,24,0,0,6.0,0.8125,5.0,8.0,0,5,13,16,0
1326,24,0,13,10.0,0.875,3.0,8.0,1,6,14,16,0
1327,24,0,13,0.0,0.9375,4.0,7.0,0,7,15,16,1
1328,24,0,13,0.0,0.8823529411764706,4.0,9.0,0,-1,15,17,1
1329,24,1,0,4.0,0.8333333333333334,4.0,9.0,1,-2,15,18,0
1330,24,1,0,5.0,0.7894736842105263,4.0,9.0,1,-3,15,19,0
1331,24,1,0,4.0,0.8421052631578947,4.0,9.0,0,1,16,19,0
1332,24,1,8,23.0,0.8947368421052632,4.0,9.0,1,2,17,19,0
1333,24,1,8,6.0,0.9473684210526316,3.0,9.0,0,3,18,19,0
1334,24,0,0,5.0,0.9,4.0,10.0,1,-1,18,20,0
1335,24,0,0,4.0,0.8571428571428571,4.0,11.5,1,-2,18,21,0
1336,24,0,0,4.0,0.9047619047619048,4.0,10.5,0,1,19,21,0
1337,24,0,0,4.0,0.9523809523809524,4.0,9.5,1,2,20,21,0
1338,24,0,23,6.0,1.0,3.0,9.0,1,3,21,21,0
1339,24,0,23,10.0,1.0476190476190477,3.0,9.0,1,4,22,21,0
1340,24,1,22,1.0,1.0952380952380951,3.0,9.0,1,5,23,21,0
1341,24,1,22,0.0,1.0454545454545454,3.0,9.0,0,-1,23,22,1
1342,24,1,22,1.0,1.0,3.0,10.0,0,-2,23,23,1
1343,24,0,23,9.0,0.9583333333333334,3.0,10.0,1,-3,23,24,0
1344,24,0,23,6.0,1.0,3.0,10.0,0,1,24,24,0
1345,24,1,19,0.0,1.0416666666666667,3.0,10.0,1,2,25,24,0
1346,24,1,19,0.0,1.0,3.0,11.0,0,-1,25,25,0
1347,24,1,19,14.0,0.9615384615384616,3.0,12.0,0,-2,25,26,0
1348,24,0,8,2.0,1.0,3.0,11.0,1,1,26,26,0
1349,24,0,8,5.0,0.9629629629629628,3.0,11.5,1,-1,26,27,0
1350,24,0,8,7.0,1.0,3.0,11.5,1,1,27,27,0
1351,24,0,8,4.0,1.037037037037037,3.0,10.5,0,2,28,27,0
1352,24,0,22,5.0,1.0,3.0,11.5,0,-1,28,28,1
1353,24,0,22,5.0,1.0357142857142858,3.0,12.0,1,1,29,28,1
1354,24,0,22,2.0,1.0,3.0,12.0,1,-1,29,29,0
1355,24,0,22,4.0,0.9666666666666668,3.0,13.0,0,-2,29,30,0
1356,24,1,23,7.0,0.0,1.0,0.0,1,0,0,0,0
1357,24,1,23,6.0,0.0,3.0,1.0,1,-1,0,1,0
1358,24,1,23,0.0,1.0,2.0,1.0,1,1,1,1,0
1359,24,1,22,3.0,0.5,3.0,2.0,1,-1,1,2,0
1360,24,1,22,1.0,1.0,3.0,1.5,1,1,2,2,0
1361,24,1,22,3.0,0.6666666666666666,3.0,2.5,0,-1,2,3,0
1362,24,0,8,3.0,1.0,3.0,1.5,0,1,3,3,0
1363,24,0,8,4.0,1.3333333333333333,3.0,1.5,0,2,4,3,0
1364,24,0,8,4.0,1.6666666666666667,3.0,1.5,0,3,5,3,0
1365,24,0,6,0.0,2.0,3.0,1.5,1,4,6,3,0
1366,24,0,6,7.0,1.5,3.0,2.0,1,-1,6,4,0
1367,24,0,6,3.0,1.75,3.0,2.0,0,1,7,4,0
1368,24,1,14,1.0,2.0,2.0,2.0,1,2,8,4,0
1369,24,1,14,6.0,1.6,2.0,3.5,1,-1,8,5,0
1370,24,1,14,1.0,1.3333333333333333,2.0,4.5,0,-2,8,6,0
1371,24,1,20,2.0,1.5,2.0,3.5,1,1,9,6,0
1372,24,1,20,10.0,1.6666666666666667,2.0,2.5,1,2,10,6,0
1373,24,1,20,5.0,1.8333333333333333,2.0,2.5,0,3,11,6,0
1374,24,0,14,3.0,1.5714285714285714,2.0,3.0,1,-1,11,7,0
1375,24,0,14,5.0,1.7142857142857142,2.0,2.0,1,1,12,7,0
1376,24,0,14,2.0,1.8571428571428568,2.0,1.0,1,2,13,7,0
1377,24,0,14,4.0,1.625,2.0,2.0,0,-1,13,8,0
1378,24,0,8,12.0,1.75,2.0,1.0,1,1,14,8,0
1379,24,0,8,5.0,1.875,1.0,0.0,1,2,15,8,0
1380,24,0,8,7.0,1.6666666666666667,1.0,0.0,1,-1,15,9,0
1381,24,1,22,2.0,1.7777777777777777,1.0,0.0,1,1,16,9,0
1382,24,1,22,2.0,1.6,1.0,-0.5,1,-1,16,10,0
1383,24,1,22,7.0,1.4545454545454546,1.0,-0.5,0,-2,16,11,0
1384,24,1,8,12.0,1.5454545454545454,1.0,-0.5,0,1,17,11,1
1385,24,1,8,6.0,1.6363636363636365,1.0,-1.5,1,2,18,11,1
1386,24,1,8,5.0,1.5,1.0,-1.5,0,-1,18,12,0
1387,24,0,22,5.0,1.3846153846153846,1.0,-0.5,1,-2,18,13,0
1388,24,0,22,7.0,1.4615384615384617,1.0,-1.5,0,1,19,13,0
1389,24,0,22,1.0,1.5384615384615383,1.0,-2.5,0,2,20,13,0
1390,24,0,27,3.0,1.4285714285714286,1.0,-1.5,1,-1,20,14,0
1391,24,0,27,4.0,1.5,1.0,-2.0,0,1,21,14,0
1392,24,1,21,3.0,1.5714285714285714,1.0,-2.0,1,2,22,14,0
1393,24,1,21,2.0,1.6428571428571428,1.0,-2.5,1,3,23,14,0
1394,24,1,21,6.0,1.5333333333333334,1.0,-1.5,1,-1,23,15,0
1395,24,1,21,4.0,1.4375,1.0,-0.5,0,-2,23,16,0
1396,24,1,6,6.0,1.5,1.0,-0.5,1,1,24,16,0
1397,24,1,6,4.0,1.5625,1.0,-0.5,1,2,25,16,0
1398,24,1,6,4.0,1.625,1.0,-0.5,1,3,26,16,0
1399,24,1,6,19.0,1.6875,1.0,-0.5,0,4,27,16,0
1400,24,0,13,1.0,1.75,1.0,-1.0,1,5,28,16,0
1401,24,0,13,3.0,1.6470588235294117,1.0,0.0,0,-1,28,17,0
1402,24,0,13,5.0,1.5555555555555556,2.0,1.0,0,-2,28,18,0
1403,24,1,0,8.0,1.4736842105263157,3.0,2.0,1,-3,28,19,0
1404,24,1,0,5.0,1.5263157894736843,3.0,1.5,1,1,29,19,0
1405,24,1,13,3.0,1.5789473684210529,2.0,1.5,1,2,30,19,0
1406,24,1,13,8.0,1.5,3.0,1.5,1,-1,30,20,0
1407,24,1,13,11.0,1.55,2.0,1.5,0,1,31,20,0
1408,24,1,13,5.0,1.6,2.0,1.5,0,2,32,20,0
1409,24,0,12,6.0,1.65,2.0,0.5,0,3,33,20,0
1410,24,0,12,1.0,1.7,1.0,-0.5,1,4,34,20,0
1411,24,0,4,7.0,1.619047619047619,1.0,-0.5,1,-1,34,21,0
1412,24,0,4,8.0,1.6666666666666667,1.0,-1.0,1,1,35,21,0
1413,24,0,4,4.0,1.7142857142857142,1.0,-1.0,0,2,36,21,0
1414,24,0,4,3.0,1.761904761904762,1.0,-2.0,0,3,37,21,0
1415,24,1,27,9.0,1.681818181818182,1.0,-2.0,1,-1,37,22,0
1416,24,1,27,3.0,1.7272727272727273,1.0,-2.5,0,1,38,22,0
1417,24,1,29,1.0,1.6521739130434785,1.0,-2.0,1,-1,38,23,0
1418,24,1,29,0.0,1.6956521739130437,1.0,-1.5,0,1,39,23,1
1419,24,1,29,2.0,1.625,1.0,-2.0,1,-1,39,24,1
1420,24,1,29,0.0,1.6666666666666667,1.0,-2.0,0,1,40,24,0
1421,24,0,0,5.0,1.6,1.0,-1.0,1,-1,40,25,0
1422,24,0,0,9.0,1.64,1.0,-1.0,1,1,41,25,0
1423,24,0,0,13.0,1.68,1.0,-1.0,1,2,42,25,0
1424,24,0,0,10.0,1.72,1.0,-2.0,0,3,43,25,0
1425,24,0,20,5.0,1.76,1.0,-2.5,1,4,44,25,0
1426,24,0,20,6.0,1.8,1.0,-2.5,0,5,45,25,0
1427,24,0,20,11.0,1.7307692307692308,1.0,-1.5,0,-1,45,26,0
1428,24,1,12,5.0,1.7692307692307692,1.0,-1.5,1,1,46,26,0
1429,24,1,12,9.0,1.807692307692308,1.0,-3.0,0,2,47,26,0
1430,24,0,19,2.0,1.8461538461538465,1.0,-4.0,1,3,48,26,0
1431,24,0,19,6.0,1.8846153846153848,1.0,-4.5,1,4,49,26,0
1432,24,0,19,2.0,1.9230769230769231,1.0,-4.5,0,5,50,26,0
1433,24,1,13,2.0,1.851851851851852,1.0,-3.5,1,-1,50,27,0
1434,24,1,13,1.0,1.7857142857142858,1.0,-2.5,1,-2,50,28,0
1435,24,1,0,3.0,1.7241379310344829,1.0,-1.5,1,-3,50,29,0
1436,24,1,0,11.0,1.6666666666666667,1.0,-0.5,1,-4,50,30,0
1437,24,1,0,6.0,1.7,1.0,-0.5,1,1,51,30,0
1438,24,1,0,5.0,1.7333333333333334,1.0,-0.5,1,2,52,30,0
1439,24,0,25,3.0,1.7666666666666666,1.0,-0.5,0,3,53,30,0
1440,24,0,25,5.0,1.7096774193548387,1.0,-0.5,1,-1,53,31,0
1441,24,0,25,5.0,1.65625,1.0,-0.5,1,-2,53,32,0
1442,24,0,29,5.0,1.6875,1.0,-1.5,1,1,54,32,0
1443,24,0,29,10.0,1.71875,1.0,-2.0,0,2,55,32,0
1444,24,0,29,3.0,1.75,1.0,-2.0,0,3,56,32,0
1445,24,1,25,7.0,1.78125,1.0,-2.0,1,4,57,32,0
1446,24,1,25,1.0,1.8125,1.0,-2.0,1,5,58,32,0
1447,24,1,25,1.0,1.7575757575757576,1.0,-1.0,0,-1,58,33,0
1448,24,1,13,7.0,1.7058823529411764,1.0,-1.0,1,-2,58,34,0
1449,24,1,13,6.0,1.7352941176470589,1.0,-2.0,1,1,59,34,0
1450,24,1,13,4.0,1.6857142857142855,1.0,-1.0,1,-1,59,35,0
1451,24,1,13,5.0,1.7142857142857142,1.0,-2.0,1,1,60,35,0
1452,24,0,21,4.0,1.7428571428571429,1.0,-3.0,1,2,61,35,0
1453,24,0,21,2.0,1.6944444444444444,1.0,-3.0,1,-1,61,36,0
1454,24,0,21,6.0,1.648648648648649,1.0,-2.0,0,-2,61,37,0
1455,24,0,13,2.0,1.6756756756756757,1.0,-2.0,1,1,62,37,0
1456,24,0,13,0.0,1.7027027027027026,1.0,-3.0,1,2,63,37,0
1457,24,0,13,5.0,1.6578947368421053,1.0,-2.0,0,-1,63,38,0
1458,24,0,10,6.0,1.6842105263157894,1.0,-3.0,1,1,64,38,0
1459,24,0,10,8.0,1.641025641025641,1.0,-3.0,0,-1,64,39,0
1460,24,0,10,5.0,1.6666666666666667,1.0,-3.0,0,1,65,39,0
1461,24,1,0,11.0,1.6923076923076923,1.0,-3.0,1,2,66,39,0
1462,24,1,0,1.0,1.7179487179487178,1.0,-3.5,1,3,67,39,0
1463,24,1,0,7.0,1.675,1.0,-3.5,1,-1,67,40,0
1464,24,1,0,5.0,1.7,1.0,-3.5,0,1,68,40,0
1465,24,1,15,1.0,1.725,1.0,-4.0,1,2,69,40,0
1466,24,1,15,9.0,1.6829268292682926,1.0,-4.0,1,-1,69,41,0
1467,24,1,15,5.0,1.7073170731707317,1.0,-4.0,0,1,70,41,0
1468,24,0,0,8.0,1.7317073170731707,1.0,-4.0,1,2,71,41,0
1469,24,0,0,7.0,1.7560975609756098,1.0,-4.0,1,3,72,41,0
1470,24,0,8,7.0,1.7804878048780488,1.0,-4.0,1,4,73,41,0
1471,24,0,8,5.0,1.804878048780488,1.0,-5.0,1,5,74,41,0
1472,24,0,8,1.0,1.829268292682927,1.0,-5.0,1,6,75,41,0
1473,24,0,8,5.0,1.7857142857142858,1.0,-4.0,0,-1,75,42,0
1474,24,0,17,7.0,1.809523809523809,1.0,-4.0,1,1,76,42,0
1475,24,0,17,3.0,1.8333333333333333,1.0,-4.0,1,2,77,42,0
1476,24,0,17,2.0,1.8571428571428568,1.0,-4.0,0,3,78,42,0
1477,24,1,19,1.0,1.813953488372093,1.0,-3.0,1,-1,78,43,0
1478,24,1,19,6.0,1.7727272727272727,1.0,-1.5,0,-2,78,44,0
1479,24,1,19,2.0,1.7954545454545454,1.0,-1.5,0,1,79,44,0
1480,24,1,17,8.0,1.818181818181818,1.0,-2.5,1,2,80,44,0
1481,24,1,17,3.0,1.8409090909090908,1.0,-2.5,1,3,81,44,0
1482,24,1,17,3.0,1.8636363636363635,1.0,-2.5,1,4,82,44,0
1483,24,1,1,5.0,1.8863636363636365,1.0,-2.5,1,5,83,44,0
1484,24,1,1,5.0,1.8444444444444448,1.0,-2.5,1,-1,83,45,0
1485,24,1,1,0.0,1.8666666666666667,1.0,-2.5,0,1,84,45,0
1486,24,0,15,1.0,1.826086956521739,1.0,-2.5,1,-1,84,46,0
1487,24,0,15,2.0,1.7872340425531914,1.0,-1.5,1,-2,84,47,0
1488,24,0,15,2.0,1.75,1.0,-0.5,1,-3,84,48,0
1489,24,0,15,5.0,1.7142857142857142,2.0,0.5,0,-4,84,49,0
1490,24,0,13,3.0,1.7346938775510203,1.0,0.0,1,1,85,49,0
1491,24,0,13,1.0,1.7551020408163265,1.0,-1.0,1,2,86,49,0
1492,24,0,13,6.0,1.72,1.0,0.0,0,-1,86,50,0
1493,24,1,8,10.0,1.74,1.0,-1.0,0,1,87,50,0
1494,24,1,8,12.0,1.76,1.0,-1.0,1,2,88,50,0
1495,24,1,8,7.0,1.78,1.0,-1.0,0,3,89,50,0
1496,24,1,4,6.0,1.8,1.0,-2.0,0,4,90,50,0
1497,24,1,4,15.0,1.82,1.0,-2.5,0,5,91,50,0
1498,24,1,4,6.0,1.84,1.0,-2.5,0,6,92,50,0
1499,24,0,22,9.0,1.86,1.0,-2.5,1,7,93,50,0
1500,24,0,22,6.0,1.88,1.0,-2.5,1,8,94,50,0
1501,24,0,22,6.0,1.9,1.0,-2.5,1,9,95,50,0
1502,24,0,22,4.0,1.862745098039216,1.0,-1.5,0,-1,95,51,0
1503,24,0,1,6.0,1.8269230769230769,1.0,-1.0,1,-2,95,52,0
1504,24,0,1,2.0,1.8461538461538465,1.0,-2.0,1,1,96,52,0
1505,24,0,1,0.0,1.8653846153846156,1.0,-2.0,0,2,97,52,0
1506,24,1,22,6.0,1.830188679245283,1.0,-1.0,1,-1,97,53,0
1507,24,1,22,8.0,1.849056603773585,1.0,-1.0,1,1,98,53,0
1508,24,1,22,6.0,1.8679245283018868,1.0,-2.0,0,2,99,53,0
1509,24,1,8,7.0,1.8333333333333333,1.0,-1.0,1,-1,99,54,0
1510,24,1,8,7.0,1.851851851851852,1.0,-1.0,1,1,100,54,0
1511,24,1,8,6.0,1.8703703703703705,1.0,-2.0,0,2,101,54,0
1512,24,0,0,6.0,1.8888888888888888,1.0,-2.0,1,3,102,54,0
1513,24,0,0,1.0,1.9074074074074077,1.0,-2.0,1,4,103,54,0
1514,24,0,0,5.0,1.9259259259259256,1.0,-2.0,1,5,104,54,0
1515,24,0,22,3.0,1.9444444444444444,1.0,-2.0,1,6,105,54,0
1516,24,0,22,2.0,1.962962962962963,1.0,-2.0,0,7,106,54,0
1517,24,0,22,11.0,1.9272727272727272,1.0,-1.0,0,-1,106,55,0
