,Date,Tm,Home_Away,Opp,R,W-L,Rank,GB,D/N,Streak,Wins,Losses,DoubleHeader,R1,R3,R5,R7,R10
1,20170402,18,1,26,3.0,0,1.0,0,0,0,0,0,0,5.296296296296297,5.3271221532091095,5.317391304347827,5.300680272108844,5.283818889874791
2,20170404,18,1,26,5.0,0.0,5.0,1.0,1,-1,0,1,0,3.0,3.0,3.0,3.0,3.0
3,20170405,18,1,26,1.0,1.0,3.0,0.5,1,1,1,1,0,5.0,4.0,4.0,4.0,4.0
4,20170407,18,1,2,5.0,0.5,4.0,1.5,1,-1,1,2,0,1.0,3.0,3.0,3.0,3.0
5,20170408,18,1,2,4.0,0.3333333333333333,4.0,2.5,0,-2,1,3,0,5.0,3.6666666666666665,3.5,3.5,3.5
6,20170409,18,1,2,7.0,0.25,4.0,3.5,0,-3,1,4,0,4.0,3.3333333333333335,3.6,3.6,3.6
7,20170410,18,0,26,8.0,0.5,4.0,2.5,0,1,2,4,0,7.0,5.333333333333333,4.4,4.166666666666667,4.166666666666667
8,20170412,18,0,26,8.0,0.75,4.0,2.0,0,2,3,4,0,8.0,6.333333333333333,5.0,4.714285714285714,4.714285714285714
9,20170413,18,0,26,3.0,1.0,3.0,1.5,1,3,4,4,0,8.0,7.666666666666667,6.4,5.428571428571429,5.125
10,20170414,18,0,25,4.0,1.25,2.0,1.5,1,4,5,4,0,3.0,6.333333333333333,6.0,5.142857142857143,4.888888888888889
11,20170415,18,0,25,3.0,1.5,2.0,1.5,0,5,6,4,0,4.0,5.0,6.0,5.571428571428571,4.8
12,20170416,18,0,25,9.0,1.75,2.0,0.5,1,6,7,4,0,3.0,3.3333333333333335,5.2,5.285714285714286,4.8
13,20170417,18,0,5,7.0,2.0,2.0,0.5,1,7,8,4,0,9.0,5.333333333333333,5.4,6.0,5.2
14,20170418,18,0,5,1.0,2.25,1.0,0,1,8,9,4,0,7.0,6.333333333333333,5.2,6.0,5.8
15,20170419,18,0,5,9.0,1.8,1.0,0,1,-1,9,5,0,1.0,5.666666666666667,4.8,5.0,5.4
16,20170421,18,1,21,3.0,2.0,1.0,0,1,1,10,5,0,9.0,5.666666666666667,5.8,5.142857142857143,5.9
17,20170422,18,1,21,11.0,1.6666666666666667,2.0,1.5,0,-1,10,6,0,3.0,4.333333333333333,5.8,5.142857142857143,5.5
18,20170423,18,1,21,1.0,1.8333333333333333,2.0,1.5,0,1,11,6,0,11.0,7.666666666666667,6.2,6.142857142857143,5.8
19,20170426,18,1,3,3.0,1.5714285714285714,2.0,1.5,1,-1,11,7,0,1.0,5.0,5.0,5.857142857142857,5.1
20,20170427,18,1,3,3.0,1.7142857142857142,2.0,1.5,1,1,12,7,0,3.0,5.0,5.4,5.0,5.1
21,20170428,18,0,2,14.0,1.8571428571428572,2.0,1.0,1,2,13,7,0,3.0,2.3333333333333335,4.2,4.428571428571429,5.0
22,20170429,18,0,2,12.0,2.0,1.0,0,0,3,14,7,0,14.0,6.666666666666667,6.4,6.285714285714286,6.1
23,20170430,18,0,2,4.0,2.142857142857143,1.0,-1.0,0,4,15,7,0,12.0,9.666666666666666,6.6,6.714285714285714,6.4
24,20170501,18,0,28,1.0,1.875,1.0,0,1,-1,15,8,0,4.0,10.0,7.2,6.857142857142857,6.1
25,20170502,18,0,28,11.0,1.6666666666666667,2.0,1.0,1,-2,15,9,0,1.0,5.666666666666667,6.8,5.428571428571429,6.1
26,20170503,18,0,28,8.0,1.7777777777777777,1.0,0,1,1,16,9,0,11.0,5.333333333333333,8.4,6.857142857142857,6.3
27,20170505,18,1,4,3.0,1.8888888888888888,1.0,-1.0,0,2,17,9,0,8.0,6.666666666666667,7.2,7.571428571428571,6.8
28,20170506,18,1,4,11.0,2.0,1.0,-0.5,1,3,18,9,0,3.0,7.333333333333333,5.4,7.571428571428571,6.0
29,20170507,18,1,4,5.0,2.111111111111111,1.0,-0.5,1,4,19,9,0,11.0,7.333333333333333,6.8,7.142857142857143,7.0
30,20170508,18,1,6,10.0,2.2222222222222223,1.0,-0.5,1,5,20,9,0,5.0,6.333333333333333,7.6,6.142857142857143,7.2
31,20170509,18,1,6,3.0,2.3333333333333335,1.0,-0.5,1,6,21,9,0,10.0,8.666666666666666,7.4,7.0,7.9
32,20170511,18,0,10,2.0,2.1,2.0,0.5,1,-1,21,10,0,3.0,6.0,6.4,7.285714285714286,6.8
33,20170512,18,0,10,1.0,1.9090909090909092,2.0,0.5,1,-2,21,11,0,2.0,5.0,6.2,6.0,5.8
34,20170514,18,0,10,11.0,1.75,2.0,0.5,0,-3,21,12,1,1.0,2.0,4.2,5.0,5.5
35,20170514,18,0,10,7.0,1.8333333333333333,1.0,-0.5,1,1,22,12,1,11.0,4.666666666666667,5.4,6.142857142857143,6.5
36,20170516,18,1,11,7.0,1.6923076923076923,1.0,-0.5,1,-1,22,13,0,7.0,6.333333333333333,4.8,5.571428571428571,6.1
37,20170517,18,1,11,11.0,1.7692307692307692,1.0,-0.5,1,1,23,13,0,7.0,8.333333333333334,5.6,5.857142857142857,6.0
38,20170518,18,1,11,1.0,1.8461538461538463,1.0,-1.5,1,2,24,13,0,11.0,8.333333333333334,7.4,6.0,6.8
39,20170519,18,1,26,4.0,1.7142857142857142,1.0,-1.5,1,-1,24,14,0,1.0,6.333333333333333,7.4,5.714285714285714,5.8
40,20170520,18,1,26,5.0,1.6,1.0,-0.5,0,-2,24,15,0,4.0,5.333333333333333,6.0,6.0,5.7
41,20170521,18,1,26,3.0,1.5,2.0,0.5,0,-3,24,16,0,5.0,3.3333333333333335,5.6,6.571428571428571,5.2
42,20170522,18,0,11,4.0,1.5625,1.0,-0.5,1,1,25,16,0,3.0,4.0,4.8,5.428571428571429,5.2
43,20170523,18,0,11,2.0,1.625,1.0,-1.5,1,2,26,16,0,4.0,4.0,3.4,5.0,5.4
44,20170524,18,0,11,3.0,1.5294117647058822,1.0,-1.5,1,-1,26,17,0,2.0,3.0,3.6,4.285714285714286,5.5
45,20170526,18,0,19,1.0,1.588235294117647,1.0,-2.5,1,1,27,17,0,3.0,3.0,3.4,3.142857142857143,4.7
46,20170527,18,0,19,3.0,1.5,1.0,-2.0,0,-1,27,18,0,1.0,2.0,2.6,3.142857142857143,4.1
47,20170528,18,0,19,9.0,1.5555555555555556,1.0,-2.0,0,1,28,18,0,3.0,2.3333333333333335,2.6,3.0,3.7
48,20170529,18,1,2,2.0,1.6111111111111112,1.0,-3.0,0,2,29,18,0,9.0,4.333333333333333,3.6,3.5714285714285716,3.5
49,20170530,18,1,2,8.0,1.5263157894736843,1.0,-3.0,1,-1,29,19,0,2.0,4.666666666666667,3.6,3.4285714285714284,3.6
50,20170531,18,1,2,4.0,1.5789473684210527,1.0,-3.0,1,1,30,19,0,8.0,6.333333333333333,4.6,4.0,4.0
51,20170601,18,1,28,12.0,1.5,1.0,-2.0,1,-1,30,20,0,4.0,4.666666666666667,5.2,4.285714285714286,3.9
52,20170602,18,1,28,5.0,1.55,1.0,-3.0,1,1,31,20,0,12.0,8.0,7.0,5.571428571428571,4.8
53,20170603,18,1,28,7.0,1.4761904761904763,1.0,-2.5,0,-1,31,21,0,5.0,7.0,6.2,6.142857142857143,4.9
54,20170604,18,1,28,2.0,1.5238095238095237,1.0,-3.0,0,1,32,21,0,7.0,8.0,7.2,6.714285714285714,5.4
55,20170606,18,0,3,4.0,1.4545454545454546,1.0,-2.0,1,-1,32,22,0,2.0,4.666666666666667,6.0,5.714285714285714,5.3
56,20170607,18,0,3,8.0,1.391304347826087,1.0,-1.0,1,-2,32,23,0,4.0,4.333333333333333,6.0,6.0,5.6
57,20170608,18,0,3,9.0,1.434782608695652,1.0,-2.0,1,1,33,23,0,8.0,4.666666666666667,5.2,6.0,6.1
58,20170609,18,0,2,8.0,1.4782608695652173,1.0,-3.0,1,2,34,23,0,9.0,7.0,6.0,6.714285714285714,6.1
59,20170610,18,0,2,16.0,1.5217391304347827,1.0,-3.0,1,3,35,23,0,8.0,8.333333333333334,6.2,6.142857142857143,6.7
60,20170611,18,0,2,14.0,1.565217391304348,1.0,-3.0,0,4,36,23,0,16.0,11.0,9.0,7.714285714285714,7.5
61,20170612,18,1,12,5.0,1.608695652173913,1.0,-4.0,1,5,37,23,0,14.0,12.666666666666666,11.0,8.714285714285714,8.5
62,20170613,18,1,12,2.0,1.6521739130434783,1.0,-4.0,1,6,38,23,0,5.0,11.666666666666666,10.4,9.142857142857142,7.8
63,20170614,18,1,12,5.0,1.5833333333333333,1.0,-3.0,1,-1,38,24,0,2.0,7.0,9.0,8.857142857142858,7.5
64,20170615,18,1,19,7.0,1.52,1.0,-2.0,1,-2,38,25,0,5.0,4.0,8.4,8.428571428571429,7.3
65,20170616,18,1,19,6.0,1.4615384615384615,1.0,-2.0,1,-3,38,26,0,7.0,4.666666666666667,6.6,8.142857142857142,7.8
66,20170617,18,1,19,2.0,1.4074074074074074,1.0,-1.0,0,-4,38,27,0,6.0,6.0,5.0,7.857142857142857,8.0
67,20170618,18,1,19,3.0,1.3571428571428572,1.0,-1.0,0,-5,38,28,0,2.0,5.0,4.4,5.857142857142857,7.4
68,20170620,18,0,12,3.0,1.3103448275862069,1.0,0,1,-6,38,29,0,3.0,3.6666666666666665,4.6,4.285714285714286,6.8
69,20170621,18,0,12,8.0,1.2666666666666666,2.0,0.5,1,-7,38,30,0,3.0,2.6666666666666665,4.2,4.0,6.3
70,20170622,18,0,12,5.0,1.3,1.0,-0.5,1,1,39,30,0,8.0,4.666666666666667,4.4,4.857142857142857,5.5
71,20170623,18,0,27,2.0,1.2580645161290323,1.0,0,1,-1,39,31,0,5.0,5.333333333333333,4.2,4.857142857142857,4.6
72,20170624,18,0,27,1.0,1.2903225806451613,1.0,0,0,1,40,31,0,2.0,5.0,4.2,4.142857142857143,4.3
73,20170625,18,0,27,6.0,1.25,1.0,0,0,-1,40,32,0,1.0,2.6666666666666665,3.8,3.4285714285714284,4.2
74,20170626,18,1,5,6.0,1.2121212121212122,1.0,0,1,-2,40,33,0,6.0,3.0,4.4,4.0,4.3
75,20170627,18,1,5,3.0,1.2424242424242424,1.0,0,1,1,41,33,0,6.0,4.333333333333333,4.0,4.428571428571429,4.2
76,20170628,18,1,5,12.0,1.2058823529411764,2.0,1.0,1,-1,41,34,0,3.0,5.0,3.6,4.428571428571429,3.9
77,20170629,18,1,5,3.0,1.2352941176470589,1.0,0,1,1,42,34,0,12.0,7.0,5.6,5.0,4.9
78,20170630,18,1,10,13.0,1.2,2.0,1.0,1,-1,42,35,0,3.0,6.0,6.0,4.714285714285714,4.9
79,20170701,18,1,10,6.0,1.2285714285714286,2.0,1.0,1,1,43,35,0,13.0,9.333333333333334,7.4,6.285714285714286,5.9
80,20170702,18,1,10,1.0,1.1944444444444444,2.0,2.0,0,-1,43,36,0,6.0,7.333333333333333,7.4,7.0,5.7
81,20170703,18,0,28,6.0,1.162162162162162,2.0,3.0,1,-2,43,37,0,1.0,6.666666666666667,7.0,6.285714285714286,5.3
82,20170704,18,0,28,1.0,1.1891891891891893,2.0,3.0,0,1,44,37,0,6.0,4.333333333333333,5.8,6.285714285714286,5.7
83,20170705,18,0,28,6.0,1.1578947368421053,2.0,4.0,0,-1,44,38,0,1.0,2.6666666666666665,5.4,6.0,5.7
84,20170707,18,0,15,4.0,1.1282051282051282,2.0,4.0,1,-2,44,39,0,6.0,4.333333333333333,4.0,5.142857142857143,5.7
85,20170708,18,0,15,5.0,1.1,2.0,4.5,0,-3,44,40,0,4.0,3.6666666666666665,3.6,5.285714285714286,5.5
86,20170709,18,0,15,3.0,1.125,2.0,3.5,0,1,45,40,0,5.0,5.0,4.4,4.142857142857143,5.7
87,20170714,18,1,3,4.0,1.0975609756097562,2.0,3.5,1,-1,45,41,0,3.0,4.0,3.8,3.7142857142857144,4.8
88,20170715,18,1,3,4.0,1.0714285714285714,3.0,4.5,0,-2,45,42,0,4.0,4.0,4.4,4.142857142857143,4.9
89,20170716,18,1,3,3.0,1.0952380952380953,3.0,3.5,0,1,46,42,1,4.0,3.6666666666666665,4.0,3.857142857142857,4.0
90,20170716,18,1,3,0.0,1.119047619047619,3.0,3.5,1,2,47,42,1,3.0,3.6666666666666665,3.8,4.142857142857143,3.7
91,20170717,18,1,16,2.0,1.0930232558139534,3.0,3.5,1,-1,47,43,0,0.0,2.3333333333333335,2.8,3.2857142857142856,3.6
92,20170718,18,1,16,6.0,1.0681818181818181,3.0,3.5,1,-2,47,44,0,2.0,1.6666666666666667,2.6,3.0,3.2
93,20170719,18,1,16,1.0,1.0909090909090908,3.0,3.5,0,1,48,44,0,6.0,2.6666666666666665,3.0,3.142857142857143,3.7
94,20170720,18,1,23,4.0,1.0666666666666667,3.0,4.5,1,-1,48,45,0,1.0,3.0,2.4,2.857142857142857,3.2
95,20170721,18,1,23,5.0,1.0888888888888888,3.0,3.5,1,1,49,45,0,4.0,3.6666666666666665,2.6,2.857142857142857,3.2
96,20170722,18,1,23,5.0,1.1111111111111112,2.0,3.5,1,2,50,45,0,5.0,3.3333333333333335,3.6,3.0,3.2
97,20170723,18,1,23,6.0,1.0869565217391304,2.0,3.5,0,-1,50,46,0,5.0,4.666666666666667,4.2,3.2857142857142856,3.4
98,20170725,18,0,6,4.0,1.108695652173913,2.0,2.5,1,1,51,46,0,6.0,5.333333333333333,4.2,4.142857142857143,3.6
99,20170726,18,0,6,9.0,1.1304347826086956,2.0,1.0,0,2,52,46,0,4.0,5.0,4.8,4.428571428571429,3.6
100,20170727,18,0,26,6.0,1.1521739130434783,2.0,1.0,1,3,53,46,0,9.0,6.333333333333333,5.8,4.857142857142857,4.2
101,20170728,18,0,26,6.0,1.173913043478261,2.0,0.5,1,4,54,46,0,6.0,6.333333333333333,6.0,5.571428571428571,4.8
102,20170729,18,0,26,5.0,1.1956521739130435,1.0,-0.5,0,5,55,46,0,6.0,7.0,6.2,5.857142857142857,5.2
103,20170730,18,0,26,3.0,1.2173913043478262,1.0,-0.5,0,6,56,46,0,5.0,5.666666666666667,6.0,5.857142857142857,5.1
104,20170731,18,0,9,7.0,1.1914893617021276,1.0,-0.5,1,-1,56,47,0,3.0,4.666666666666667,5.8,5.571428571428571,5.3
105,20170801,18,0,9,3.0,1.2127659574468086,1.0,-0.5,1,1,57,47,0,7.0,5.0,5.4,5.714285714285714,5.6
106,20170802,18,0,9,0.0,1.1875,2.0,0.5,0,-1,57,48,0,3.0,4.333333333333333,4.8,5.571428571428571,5.4
107,20170803,18,1,7,1.0,1.163265306122449,2.0,1.0,1,-2,57,49,0,0.0,3.3333333333333335,3.6,4.285714285714286,4.9
108,20170804,18,1,7,2.0,1.14,2.0,2.0,1,-3,57,50,0,1.0,1.3333333333333333,2.8,3.5714285714285716,4.4
109,20170805,18,1,7,2.0,1.1176470588235294,2.0,3.0,1,-4,57,51,0,2.0,1.0,2.6,3.0,4.2
110,20170806,18,1,7,8.0,1.1372549019607843,2.0,3.0,0,1,58,51,0,2.0,1.6666666666666667,1.6,2.5714285714285716,3.5
111,20170808,18,1,28,2.0,1.1568627450980393,2.0,3.0,1,2,59,51,0,8.0,4.0,2.6,3.2857142857142856,3.7
112,20170809,18,1,28,11.0,1.1346153846153846,2.0,4.0,1,-1,59,52,0,2.0,4.0,3.0,2.5714285714285716,3.3
113,20170810,18,1,28,0.0,1.1538461538461537,2.0,4.0,1,1,60,52,0,11.0,7.0,5.0,3.7142857142857144,3.9
114,20170811,18,0,3,5.0,1.1320754716981132,2.0,4.5,1,-1,60,53,0,0.0,4.333333333333333,4.6,3.7142857142857144,3.6
115,20170812,18,0,3,5.0,1.150943396226415,2.0,3.5,0,1,61,53,0,5.0,5.333333333333333,5.2,4.285714285714286,3.4
116,20170813,18,0,3,2.0,1.1296296296296295,2.0,4.5,1,-1,61,54,0,5.0,3.3333333333333335,4.6,4.714285714285714,3.6
117,20170814,18,0,17,4.0,1.1090909090909091,2.0,5.5,1,-2,61,55,0,2.0,4.0,4.6,4.714285714285714,3.8
118,20170815,18,0,17,5.0,1.1272727272727272,2.0,4.5,1,1,62,55,0,4.0,3.6666666666666665,3.2,4.142857142857143,4.1
119,20170816,18,1,17,5.0,1.1454545454545455,2.0,4.5,1,2,63,55,0,5.0,3.6666666666666665,4.2,4.571428571428571,4.4
120,20170817,18,1,17,7.0,1.1636363636363636,2.0,4.5,1,3,64,55,0,5.0,4.666666666666667,4.2,3.7142857142857144,4.7
121,20170818,18,1,3,6.0,1.1818181818181819,2.0,4.0,1,4,65,55,0,7.0,5.666666666666667,4.6,4.714285714285714,4.6
122,20170819,18,1,3,4.0,1.1607142857142858,2.0,5.0,1,-1,65,56,0,6.0,6.0,5.4,4.857142857142857,5.0
123,20170820,18,1,3,1.0,1.1785714285714286,2.0,4.0,0,1,66,56,0,4.0,5.666666666666667,5.4,4.714285714285714,4.3
124,20170822,18,1,9,13.0,1.1578947368421053,2.0,5.0,1,-1,66,57,0,1.0,3.6666666666666665,4.6,4.571428571428571,4.4
125,20170823,18,1,9,10.0,1.1754385964912282,2.0,4.5,1,1,67,57,0,13.0,6.0,6.2,5.857142857142857,5.2
126,20170824,18,1,9,6.0,1.1929824561403508,2.0,4.5,0,2,68,57,0,10.0,8.0,6.8,6.571428571428571,5.7
127,20170825,18,0,23,1.0,1.1724137931034482,2.0,4.5,1,-1,68,58,0,6.0,9.666666666666666,6.8,6.714285714285714,6.1
128,20170826,18,0,23,6.0,1.152542372881356,2.0,4.5,0,-2,68,59,0,1.0,5.666666666666667,6.2,5.857142857142857,5.8
129,20170827,18,0,23,10.0,1.1694915254237288,2.0,3.5,0,1,69,59,0,6.0,4.333333333333333,7.2,5.857142857142857,5.9
130,20170828,18,0,7,2.0,1.1864406779661016,2.0,2.5,1,2,70,59,0,10.0,5.666666666666667,6.6,6.714285714285714,6.4
131,20170830,18,0,7,1.0,1.1666666666666667,2.0,3.5,0,-1,70,60,1,2.0,6.0,5.0,6.857142857142857,5.9
132,20170830,18,0,7,4.0,1.1475409836065573,2.0,5.5,1,-2,70,61,1,1.0,4.333333333333333,4.0,5.142857142857143,5.4
133,20170831,18,0,3,6.0,1.1290322580645162,2.0,5.5,1,-3,70,62,0,4.0,2.3333333333333335,4.6,4.285714285714286,5.4
134,20170901,18,0,3,1.0,1.1451612903225807,2.0,4.5,1,1,71,62,0,6.0,3.6666666666666665,4.6,4.285714285714286,5.9
135,20170902,18,0,3,5.0,1.126984126984127,2.0,5.5,0,-1,71,63,0,1.0,3.6666666666666665,2.8,4.285714285714286,4.7
136,20170903,18,0,3,9.0,1.1428571428571428,2.0,4.5,1,1,72,63,0,5.0,4.0,3.4,4.142857142857143,4.2
137,20170904,18,1,2,7.0,1.1587301587301588,2.0,3.5,0,2,73,63,0,9.0,5.0,5.0,4.0,4.5
138,20170905,18,1,2,6.0,1.1746031746031746,2.0,2.5,1,3,74,63,0,7.0,7.0,5.6,4.714285714285714,5.1
139,20170907,18,1,2,9.0,1.15625,2.0,3.5,0,-1,74,64,0,6.0,7.333333333333333,5.6,5.428571428571429,5.1
140,20170908,18,1,27,5.0,1.171875,2.0,3.5,1,1,75,64,0,9.0,7.333333333333333,7.2,6.142857142857143,5.0
141,20170909,18,1,27,3.0,1.1538461538461537,2.0,4.5,0,-1,75,65,0,5.0,6.666666666666667,7.2,6.0,5.3
142,20170910,18,1,27,16.0,1.1692307692307693,2.0,4.5,0,1,76,65,0,3.0,5.666666666666667,6.0,6.285714285714286,5.5
143,20170911,18,1,26,5.0,1.1846153846153846,2.0,3.5,1,2,77,65,0,16.0,8.0,7.8,7.857142857142857,6.7
144,20170912,18,1,26,1.0,1.2,2.0,3.0,1,3,78,65,0,5.0,8.0,7.6,7.285714285714286,6.6
145,20170913,18,1,26,3.0,1.1818181818181819,2.0,4.0,0,-1,78,66,0,1.0,7.333333333333333,6.0,6.428571428571429,6.6
146,20170914,18,0,2,13.0,1.196969696969697,2.0,3.0,1,1,79,66,0,3.0,3.0,5.6,6.0,6.4
147,20170915,18,0,2,8.0,1.2121212121212122,2.0,3.0,1,2,80,66,0,13.0,5.666666666666667,7.6,6.571428571428571,6.8
148,20170916,18,0,2,9.0,1.2272727272727273,2.0,3.0,0,3,81,66,0,8.0,8.0,6.0,7.0,6.9
149,20170917,18,0,2,4.0,1.2424242424242424,2.0,3.0,0,4,82,66,0,9.0,10.0,6.8,7.857142857142857,7.2
150,20170918,18,0,16,2.0,1.2238805970149254,2.0,3.0,1,-1,82,67,0,4.0,7.0,7.4,6.142857142857143,6.7
151,20170919,18,0,16,5.0,1.2388059701492538,2.0,3.0,1,1,83,67,0,2.0,5.0,7.2,5.714285714285714,6.4
152,20170920,18,0,16,11.0,1.2537313432835822,2.0,3.0,0,2,84,67,0,5.0,3.6666666666666665,5.6,6.285714285714286,6.6
153,20170922,18,1,28,1.0,1.2686567164179106,2.0,3.0,1,3,85,67,0,11.0,6.0,6.2,7.428571428571429,6.1
154,20170923,18,1,28,5.0,1.25,2.0,4.0,0,-1,85,68,0,1.0,5.666666666666667,4.6,5.714285714285714,5.7
155,20170924,18,1,28,5.0,1.2647058823529411,2.0,4.0,0,1,86,68,0,5.0,5.666666666666667,4.8,5.285714285714286,6.1
156,20170925,18,0,11,11.0,1.2463768115942029,2.0,5.0,0,-1,86,69,0,5.0,3.6666666666666665,5.4,4.714285714285714,6.3
157,20170926,18,0,26,6.0,1.2608695652173914,2.0,4.0,1,1,87,69,0,11.0,7.0,6.6,5.714285714285714,6.1
158,20170927,18,0,26,6.0,1.2753623188405796,2.0,3.0,1,2,88,69,0,6.0,7.333333333333333,5.6,6.285714285714286,5.9
159,20170928,18,0,26,6.0,1.289855072463768,2.0,3.0,1,3,89,69,0,6.0,7.666666666666667,6.6,6.428571428571429,5.6
160,20170929,18,0,28,4.0,1.2714285714285714,2.0,3.0,0,-1,89,70,0,6.0,6.0,6.8,5.714285714285714,5.8
161,20170930,18,0,28,2.0,1.2857142857142858,2.0,2.0,0,1,90,70,0,4.0,5.333333333333333,6.6,6.142857142857143,6.0
162,20171001,18,0,28,1.0,1.3,2.0,2.0,0,2,91,70,0,2.0,4.0,4.8,5.714285714285714,5.7
1,20180329,18,1,28,6.0,0,1.0,0,0,0,0,0,0,5.253086419753086,5.252587991718427,5.218530020703933,5.197086660751257,5.186557231588288
2,20180330,18,1,28,4.0,1.0,1.0,0,1,1,1,0,0,6.0,6.0,6.0,6.0,6.0
3,20180331,18,1,28,3.0,2.0,1.0,-0.5,0,2,2,0,0,4.0,5.0,5.0,5.0,5.0
4,20180401,18,1,28,4.0,2.0,1.0,0,0,-1,2,1,0,3.0,4.333333333333333,4.333333333333333,4.333333333333333,4.333333333333333
5,20180403,18,0,26,11.0,1.0,2.0,1.0,0,-2,2,2,0,4.0,3.6666666666666665,4.25,4.25,4.25
6,20180404,18,0,26,7.0,1.5,3.0,1.5,0,1,3,2,0,11.0,6.0,5.6,5.6,5.6
7,20180405,18,0,2,2.0,2.0,2.0,1.0,1,2,4,2,0,7.0,7.333333333333333,5.8,5.833333333333333,5.833333333333333
8,20180406,18,0,2,3.0,1.3333333333333333,2.0,2.0,1,-1,4,3,0,2.0,6.666666666666667,5.4,5.285714285714286,5.285714285714286
9,20180407,18,0,2,8.0,1.0,3.0,2.5,0,-2,4,4,0,3.0,4.0,5.4,4.857142857142857,5.0
10,20180408,18,0,2,7.0,1.25,2.0,2.5,0,1,5,4,0,8.0,4.333333333333333,6.2,5.428571428571429,5.333333333333333
11,20180410,18,1,3,1.0,1.0,3.0,3.5,1,-1,5,5,0,7.0,6.0,5.4,6.0,5.5
12,20180411,18,1,3,10.0,0.8333333333333334,3.0,4.5,1,-2,5,6,0,1.0,5.333333333333333,4.2,5.571428571428571,5.0
13,20180412,18,1,3,3.0,1.0,3.0,3.5,1,1,6,6,0,10.0,6.0,5.8,5.428571428571429,5.6
14,20180413,18,1,9,8.0,0.8571428571428571,3.0,4.5,1,-1,6,7,0,3.0,4.666666666666667,5.8,4.857142857142857,5.6
15,20180416,18,0,14,12.0,1.0,3.0,4.5,1,1,7,7,0,8.0,7.0,5.8,5.714285714285714,6.0
16,20180417,18,0,14,1.0,1.1428571428571428,3.0,5.0,1,2,8,7,0,12.0,7.666666666666667,6.8,7.0,6.1
17,20180419,18,0,28,4.0,1.0,3.0,6.0,1,-1,8,8,0,1.0,7.0,6.8,6.0,5.5
18,20180420,18,0,28,5.0,1.125,3.0,6.5,1,1,9,8,0,4.0,5.666666666666667,5.6,5.571428571428571,5.7
19,20180421,18,0,28,9.0,1.0,3.0,7.5,0,-1,9,9,0,5.0,3.3333333333333335,6.0,6.142857142857143,5.9
20,20180422,18,0,28,5.0,1.1111111111111112,3.0,6.5,0,1,10,9,0,9.0,6.0,6.2,6.0,6.0
21,20180423,18,0,16,14.0,1.2222222222222223,3.0,5.5,1,2,11,9,0,5.0,6.333333333333333,4.8,6.285714285714286,5.8
22,20180424,18,0,16,8.0,1.3333333333333333,3.0,5.0,1,3,12,9,0,14.0,9.333333333333334,7.4,7.142857142857143,7.1
23,20180425,18,0,16,7.0,1.4444444444444444,3.0,4.0,1,4,13,9,0,8.0,9.0,8.2,6.571428571428571,6.9
24,20180426,18,0,16,4.0,1.5555555555555556,2.0,4.0,0,5,14,9,0,7.0,9.666666666666666,8.6,7.428571428571429,7.3
25,20180427,18,1,12,4.0,1.6666666666666667,2.0,4.0,1,6,15,9,0,4.0,6.333333333333333,7.6,7.428571428571429,6.9
26,20180428,18,1,12,11.0,1.7777777777777777,2.0,3.0,1,7,16,9,0,4.0,5.0,7.4,7.285714285714286,6.1
27,20180429,18,1,12,2.0,1.8888888888888888,2.0,2.0,1,8,17,9,0,11.0,6.333333333333333,6.8,7.571428571428571,7.1
28,20180430,18,1,10,1.0,2.0,2.0,2.0,1,9,18,9,0,2.0,5.666666666666667,5.6,7.142857142857143,6.9
29,20180501,18,1,10,4.0,1.8,2.0,3.0,1,-1,18,10,0,1.0,4.666666666666667,4.4,5.285714285714286,6.5
30,20180502,18,1,10,4.0,1.9,2.0,2.0,1,1,19,10,0,4.0,2.3333333333333335,4.4,4.714285714285714,6.0
31,20180503,18,1,10,6.0,2.0,2.0,2.0,0,2,20,10,0,4.0,3.0,4.4,4.285714285714286,5.9
32,20180504,18,0,7,7.0,2.1,2.0,1.0,1,3,21,10,0,6.0,4.666666666666667,3.4,4.571428571428571,5.1
33,20180505,18,0,7,5.0,2.2,2.0,1.0,0,4,22,10,0,7.0,5.666666666666667,4.4,5.0,5.0
34,20180506,18,0,7,7.0,2.3,2.0,1.0,0,5,23,10,0,5.0,6.0,5.2,4.142857142857143,4.8
35,20180508,18,0,3,3.0,2.4,2.0,1.0,1,6,24,10,0,7.0,6.333333333333333,5.8,4.857142857142857,5.1
36,20180509,18,0,3,9.0,2.5,1.0,0,1,7,25,10,0,3.0,5.0,5.6,5.142857142857143,5.0
37,20180510,18,0,3,4.0,2.6,1.0,-1.0,1,8,26,10,0,9.0,6.333333333333333,6.2,5.857142857142857,4.8
38,20180511,18,0,19,5.0,2.3636363636363638,1.0,0,1,-1,26,11,0,4.0,5.333333333333333,5.6,5.857142857142857,5.0
39,20180512,18,0,19,7.0,2.1666666666666665,1.0,0,0,-2,26,12,0,5.0,6.0,5.6,5.714285714285714,5.4
40,20180513,18,0,19,6.0,2.25,1.0,0,0,1,27,12,0,7.0,5.333333333333333,5.6,5.714285714285714,5.7
41,20180515,18,1,29,3.0,2.3333333333333335,1.0,0,1,2,28,12,0,6.0,6.0,6.2,5.857142857142857,5.9
42,20180518,18,1,11,2.0,2.1538461538461537,1.0,-0.5,1,-1,28,13,0,3.0,5.333333333333333,5.0,5.285714285714286,5.6
43,20180519,18,1,11,8.0,2.0,2.0,0.5,1,-2,28,14,0,2.0,3.6666666666666665,4.6,5.142857142857143,5.1
44,20180520,18,1,11,10.0,2.0714285714285716,2.0,0.5,0,1,29,14,0,8.0,4.333333333333333,5.2,5.0,5.4
45,20180521,18,1,27,10.0,2.142857142857143,2.0,0.5,1,2,30,14,0,10.0,6.666666666666667,5.8,5.857142857142857,5.7
46,20180522,18,1,27,4.0,2.2142857142857144,1.0,0,1,3,31,14,0,10.0,9.333333333333334,6.6,6.571428571428571,6.4
47,20180523,18,1,27,10.0,2.066666666666667,2.0,1.0,1,-1,31,15,0,4.0,8.0,6.8,6.142857142857143,5.9
48,20180525,18,0,12,2.0,1.9375,2.0,2.0,1,-2,31,16,0,10.0,8.0,8.4,6.714285714285714,6.5
49,20180526,18,0,12,4.0,2.0,2.0,1.5,1,1,32,16,0,2.0,5.333333333333333,7.2,6.571428571428571,6.2
50,20180527,18,0,12,3.0,1.8823529411764706,2.0,2.5,0,-1,32,17,0,4.0,5.333333333333333,6.0,6.857142857142857,5.9
51,20180528,18,0,10,1.0,1.9411764705882353,2.0,1.5,0,1,33,17,0,3.0,3.0,4.6,6.142857142857143,5.6
52,20180529,18,0,10,6.0,1.8333333333333333,2.0,2.5,1,-1,33,18,0,1.0,2.6666666666666665,4.0,4.857142857142857,5.4
53,20180530,18,0,10,5.0,1.8888888888888888,2.0,2.5,1,1,34,18,0,6.0,3.3333333333333335,3.2,4.285714285714286,5.8
54,20180601,18,1,2,4.0,1.9444444444444444,2.0,2.5,1,2,35,18,0,5.0,4.0,3.8,4.428571428571429,5.5
55,20180602,18,1,2,8.0,2.0,2.0,1.0,1,3,36,18,0,4.0,5.0,3.8,3.5714285714285716,4.9
56,20180604,18,1,9,7.0,2.0555555555555554,2.0,1.0,0,4,37,18,1,8.0,5.666666666666667,4.8,4.428571428571429,4.7
57,20180604,18,1,9,2.0,2.111111111111111,2.0,1.5,1,5,38,18,1,7.0,6.333333333333333,6.0,4.857142857142857,5.0
58,20180605,18,1,28,7.0,2.0,2.0,1.5,1,-1,38,19,0,2.0,5.666666666666667,5.2,4.714285714285714,4.2
59,20180606,18,1,28,3.0,2.0526315789473686,2.0,1.5,1,1,39,19,0,7.0,5.333333333333333,5.6,5.571428571428571,4.7
60,20180608,18,1,17,4.0,2.1052631578947367,2.0,1.5,1,2,40,19,0,3.0,4.0,5.4,5.142857142857143,4.6
61,20180609,18,1,17,4.0,2.1578947368421053,1.0,0,1,3,41,19,0,4.0,4.666666666666667,4.6,5.0,4.7
62,20180610,18,1,17,0.0,2.210526315789474,1.0,0,1,4,42,19,0,4.0,3.6666666666666665,4.0,5.0,5.0
63,20180612,18,0,29,3.0,2.1,1.0,0,1,-1,42,20,0,0.0,2.6666666666666665,3.6,3.857142857142857,4.4
64,20180613,18,0,29,4.0,2.15,2.0,0.5,1,1,43,20,0,3.0,2.3333333333333335,2.8,3.2857142857142856,4.2
65,20180614,18,0,26,4.0,2.0476190476190474,2.0,1.5,1,-1,43,21,0,4.0,2.3333333333333335,3.0,3.5714285714285716,4.2
66,20180615,18,0,26,5.0,2.0952380952380953,2.0,1.5,1,1,44,21,0,4.0,3.6666666666666665,3.0,3.142857142857143,3.8
67,20180616,18,0,26,4.0,2.142857142857143,2.0,0.5,0,2,45,21,0,5.0,4.333333333333333,3.2,3.4285714285714284,3.6
68,20180617,18,0,26,1.0,2.1904761904761907,1.0,-0.5,0,3,46,21,0,4.0,4.333333333333333,4.0,3.4285714285714284,3.8
69,20180618,18,1,29,4.0,2.090909090909091,2.0,0.5,1,-1,46,22,0,1.0,3.3333333333333335,3.6,3.0,3.2
70,20180619,18,0,23,7.0,2.1363636363636362,1.0,0,1,1,47,22,0,4.0,3.0,3.6,3.5714285714285716,3.3
71,20180620,18,0,23,7.0,2.1818181818181817,1.0,-1.0,1,2,48,22,0,7.0,4.0,4.2,4.142857142857143,3.6
72,20180621,18,0,23,4.0,2.227272727272727,1.0,-2.0,0,3,49,22,0,7.0,6.0,4.6,4.571428571428571,3.9
73,20180622,18,1,26,1.0,2.272727272727273,1.0,-2.0,1,4,50,22,0,4.0,6.0,4.6,4.571428571428571,4.3
74,20180623,18,1,26,0.0,2.1739130434782608,1.0,-1.0,0,-1,50,23,0,1.0,4.0,4.6,4.0,4.1
75,20180624,18,1,26,6.0,2.0833333333333335,1.0,-1.0,0,-2,50,24,0,0.0,1.6666666666666667,3.8,3.4285714285714284,3.7
76,20180625,18,1,20,4.0,2.0,1.0,0,1,-3,50,25,0,6.0,2.3333333333333335,3.6,4.142857142857143,3.9
77,20180626,18,1,20,6.0,2.04,1.0,-0.5,1,1,51,25,0,4.0,3.3333333333333335,3.0,4.142857142857143,3.8
78,20180627,18,1,20,0.0,2.08,1.0,-0.5,1,2,52,25,0,6.0,5.333333333333333,3.4,4.0,4.0
79,20180629,18,0,3,8.0,2.0,2.0,0.5,1,-1,52,26,0,0.0,3.3333333333333335,3.2,3.0,3.9
80,20180630,18,0,3,0.0,2.0384615384615383,1.0,0,1,1,53,26,0,8.0,4.666666666666667,4.8,3.5714285714285716,4.3
81,20180701,18,0,3,11.0,1.962962962962963,2.0,1.0,1,-1,53,27,0,0.0,2.6666666666666665,3.6,3.4285714285714284,3.6
82,20180702,18,0,1,3.0,2.0,1.0,0,1,1,54,27,0,11.0,6.333333333333333,5.0,5.0,4.0
83,20180703,18,0,1,8.0,1.9285714285714286,2.0,1.0,1,-1,54,28,0,3.0,4.666666666666667,4.4,4.571428571428571,3.9
84,20180704,18,0,1,6.0,1.9642857142857142,2.0,1.0,0,1,55,28,0,8.0,7.333333333333333,6.0,5.142857142857143,4.6
85,20180706,18,1,28,2.0,2.0,2.0,1.0,1,2,56,28,0,6.0,5.666666666666667,5.6,5.142857142857143,5.2
86,20180707,18,1,28,8.0,1.9310344827586208,2.0,2.0,0,-1,56,29,0,2.0,5.333333333333333,6.0,5.428571428571429,4.8
87,20180708,18,1,28,2.0,1.9655172413793103,2.0,2.0,0,1,57,29,0,8.0,5.333333333333333,5.4,5.428571428571429,5.2
88,20180709,18,1,2,4.0,2.0,2.0,2.0,0,2,58,29,1,2.0,4.0,5.2,5.714285714285714,4.8
89,20180709,18,1,2,10.0,1.9333333333333333,2.0,2.5,1,-1,58,30,1,4.0,4.666666666666667,4.4,4.714285714285714,5.2
90,20180710,18,1,2,5.0,1.9666666666666666,2.0,2.5,1,1,59,30,0,10.0,5.333333333333333,5.2,5.714285714285714,5.4
91,20180711,18,1,2,9.0,1.903225806451613,2.0,3.5,1,-1,59,31,0,5.0,6.333333333333333,5.8,5.285714285714286,5.9
92,20180712,18,1,7,7.0,1.935483870967742,2.0,3.5,1,1,60,31,0,9.0,8.0,6.0,5.714285714285714,5.7
93,20180713,18,1,7,5.0,1.967741935483871,2.0,3.5,1,2,61,31,0,7.0,7.0,7.0,6.428571428571429,6.1
94,20180714,18,1,7,5.0,1.90625,2.0,3.5,1,-1,61,32,0,5.0,7.0,7.2,6.0,5.8
95,20180715,18,1,7,2.0,1.9375,2.0,3.5,0,1,62,32,0,5.0,5.666666666666667,6.2,6.428571428571429,5.7
96,20180720,18,0,17,5.0,1.878787878787879,2.0,4.5,1,-1,62,33,0,2.0,4.0,5.6,6.142857142857143,5.7
97,20180721,18,0,17,7.0,1.8235294117647058,2.0,5.5,0,-2,62,34,0,5.0,4.0,4.8,5.428571428571429,5.4
98,20180723,18,1,26,6.0,1.8529411764705883,2.0,4.5,1,1,63,34,0,7.0,4.666666666666667,4.8,5.714285714285714,5.9
99,20180724,18,1,26,4.0,1.8,2.0,6.0,1,-1,63,35,0,6.0,6.0,5.0,5.285714285714286,6.1
100,20180725,18,1,26,2.0,1.8285714285714285,2.0,5.0,0,1,64,35,0,4.0,5.666666666666667,4.8,4.857142857142857,5.5
101,20180726,18,0,11,7.0,1.7777777777777777,2.0,5.5,1,-1,64,36,0,2.0,4.0,4.8,4.428571428571429,5.2
102,20180728,18,0,11,5.0,1.8055555555555556,2.0,4.5,0,1,65,36,1,7.0,4.333333333333333,5.2,4.714285714285714,5.0
103,20180728,18,0,11,5.0,1.7567567567567568,2.0,5.5,1,-1,65,37,1,5.0,4.666666666666667,4.8,5.142857142857143,4.8
104,20180729,18,0,11,6.0,1.7837837837837838,2.0,5.5,0,1,66,37,0,5.0,5.666666666666667,4.6,5.142857142857143,4.8
105,20180731,18,0,2,6.0,1.8108108108108107,2.0,5.5,1,2,67,37,0,6.0,5.333333333333333,5.0,5.0,4.9
106,20180801,18,0,2,5.0,1.837837837837838,2.0,5.0,0,3,68,37,0,6.0,5.666666666666667,5.8,5.0,5.3
107,20180802,18,1,3,7.0,1.7894736842105263,2.0,5.5,1,-1,68,38,0,5.0,5.666666666666667,5.4,5.142857142857143,5.3
108,20180803,18,1,3,1.0,1.7435897435897436,2.0,6.5,1,-2,68,39,0,7.0,6.0,5.8,5.857142857142857,5.3
109,20180804,18,1,3,1.0,1.7,2.0,7.5,0,-3,68,40,0,1.0,4.333333333333333,5.0,5.0,4.8
110,20180805,18,1,3,4.0,1.6585365853658536,2.0,8.5,1,-4,68,41,0,1.0,3.0,4.0,4.428571428571429,4.5
111,20180806,18,1,5,7.0,1.619047619047619,2.0,9.5,1,-5,68,42,0,4.0,2.0,3.6,4.285714285714286,4.7
112,20180807,18,1,5,4.0,1.6428571428571428,2.0,9.0,1,1,69,42,0,7.0,4.0,4.0,4.428571428571429,4.7
113,20180808,18,1,5,7.0,1.6666666666666667,2.0,9.0,1,2,70,42,0,4.0,5.0,3.4,4.142857142857143,4.6
114,20180809,18,0,27,7.0,1.6904761904761905,2.0,9.0,1,3,71,42,0,7.0,6.0,4.6,4.428571428571429,4.8
115,20180810,18,0,27,7.0,1.7142857142857142,2.0,8.0,1,4,72,42,0,7.0,6.0,5.8,4.428571428571429,4.9
116,20180811,18,0,27,5.0,1.6744186046511629,2.0,9.0,0,-1,72,43,0,7.0,7.0,6.4,5.285714285714286,5.0
117,20180812,18,0,27,7.0,1.697674418604651,2.0,9.5,0,1,73,43,0,5.0,6.333333333333333,6.0,5.857142857142857,5.0
118,20180813,18,0,17,5.0,1.7209302325581395,2.0,9.5,1,2,74,43,0,7.0,6.333333333333333,6.6,6.285714285714286,5.0
119,20180814,18,0,26,4.0,1.6818181818181819,2.0,10.0,1,-1,74,44,0,5.0,5.666666666666667,6.2,6.0,5.4
120,20180815,18,0,26,1.0,1.7045454545454546,2.0,10.0,1,1,75,44,0,4.0,5.333333333333333,5.6,6.0,5.7
121,20180816,18,0,26,1.0,1.6666666666666667,2.0,10.0,0,-1,75,45,0,1.0,3.3333333333333335,4.4,5.142857142857143,5.4
122,20180817,18,0,28,7.0,1.6304347826086956,2.0,10.5,1,-2,75,46,0,1.0,2.0,3.6,4.285714285714286,4.8
123,20180818,18,0,28,11.0,1.6521739130434783,2.0,10.5,0,1,76,46,0,7.0,3.0,3.6,4.285714285714286,5.1
124,20180819,18,0,28,10.0,1.673913043478261,2.0,10.5,0,2,77,46,0,11.0,6.333333333333333,4.8,5.142857142857143,5.5
125,20180821,18,1,14,2.0,1.6956521739130435,2.0,9.5,1,3,78,46,0,10.0,9.333333333333334,6.0,5.571428571428571,5.8
126,20180822,18,1,14,3.0,1.7173913043478262,2.0,8.0,1,4,79,46,0,2.0,7.666666666666667,6.2,5.142857142857143,5.3
127,20180824,18,1,2,7.0,1.6808510638297873,2.0,9.0,1,-1,79,47,0,3.0,5.0,6.6,5.0,5.1
128,20180825,18,1,2,10.0,1.702127659574468,2.0,8.5,0,1,80,47,1,7.0,4.0,6.6,5.857142857142857,5.1
129,20180825,18,1,2,5.0,1.7234042553191489,2.0,7.0,1,2,81,47,1,10.0,6.666666666666667,6.4,7.142857142857143,5.6
130,20180826,18,1,2,5.0,1.7446808510638299,2.0,7.0,1,3,82,47,0,5.0,7.333333333333333,5.4,6.857142857142857,5.7
131,20180827,18,0,5,2.0,1.7659574468085106,2.0,6.0,1,4,83,47,0,5.0,6.666666666666667,6.0,6.0,6.1
132,20180828,18,0,5,5.0,1.7291666666666667,2.0,6.5,1,-1,83,48,0,2.0,4.0,5.8,4.857142857142857,6.2
133,20180829,18,0,5,1.0,1.75,2.0,6.5,1,1,84,48,0,5.0,4.0,5.4,5.285714285714286,6.0
134,20180830,18,0,9,7.0,1.7142857142857142,2.0,7.5,1,-1,84,49,0,1.0,2.6666666666666665,3.6,5.0,5.0
135,20180831,18,0,9,7.0,1.68,2.0,8.5,1,-2,84,50,0,7.0,4.333333333333333,4.0,5.0,4.7
136,20180901,18,0,9,2.0,1.7,2.0,7.5,0,1,85,50,0,7.0,5.0,4.4,4.571428571428571,5.2
137,20180902,18,0,9,7.0,1.72,2.0,7.5,0,2,86,50,0,2.0,5.333333333333333,4.4,4.142857142857143,5.1
138,20180903,18,1,19,3.0,1.6862745098039216,2.0,7.5,0,-1,86,51,0,7.0,5.333333333333333,4.8,4.428571428571429,5.1
139,20180904,18,1,19,5.0,1.6538461538461537,2.0,8.5,1,-2,86,52,0,3.0,4.0,5.2,4.571428571428571,4.4
140,20180905,18,1,19,2.0,1.6730769230769231,2.0,8.5,1,1,87,52,0,5.0,5.0,4.8,4.571428571428571,4.4
141,20180907,18,1,23,4.0,1.6415094339622642,2.0,9.5,1,-1,87,53,0,2.0,3.3333333333333335,3.8,4.714285714285714,4.1
142,20180908,18,1,23,4.0,1.6603773584905661,2.0,8.5,1,1,88,53,0,4.0,3.6666666666666665,4.2,4.285714285714286,4.3
143,20180909,18,1,23,2.0,1.679245283018868,2.0,7.5,0,2,89,53,0,4.0,3.3333333333333335,3.6,3.857142857142857,4.2
144,20180910,18,1,16,7.0,1.6481481481481481,2.0,8.5,1,-1,89,54,0,2.0,3.3333333333333335,3.4,3.857142857142857,4.3
145,20180911,18,1,16,5.0,1.6666666666666667,2.0,8.0,1,1,90,54,0,7.0,4.333333333333333,3.8,3.857142857142857,4.3
146,20180912,18,1,16,1.0,1.6363636363636365,2.0,9.0,1,-1,90,55,0,5.0,4.666666666666667,4.4,4.142857142857143,4.1
147,20180914,18,0,28,11.0,1.6071428571428572,2.0,10.0,1,-2,90,56,0,1.0,4.333333333333333,3.8,3.5714285714285716,4.0
148,20180915,18,0,28,7.0,1.625,2.0,9.5,0,1,91,56,0,11.0,5.666666666666667,5.2,4.857142857142857,4.4
149,20180916,18,0,28,2.0,1.5964912280701755,2.0,10.5,0,-1,91,57,0,7.0,6.333333333333333,6.2,5.285714285714286,4.8
150,20180918,18,0,3,3.0,1.5689655172413792,2.0,11.5,1,-2,91,58,0,2.0,6.666666666666667,5.2,5.0,4.5
151,20180919,18,0,3,10.0,1.5862068965517242,2.0,10.5,1,1,92,58,0,3.0,4.0,4.8,5.142857142857143,4.6
152,20180920,18,0,3,6.0,1.603448275862069,2.0,9.5,1,2,93,58,0,10.0,5.0,6.6,5.571428571428571,5.2
153,20180921,18,0,2,10.0,1.576271186440678,2.0,10.5,1,-1,93,59,0,6.0,6.333333333333333,5.6,5.714285714285714,5.4
154,20180922,18,0,2,3.0,1.5932203389830508,2.0,10.5,0,1,94,59,0,10.0,8.666666666666666,6.2,7.0,6.2
155,20180923,18,0,2,3.0,1.6101694915254237,2.0,9.5,0,2,95,59,0,3.0,6.333333333333333,6.4,5.857142857142857,5.8
156,20180924,18,1,26,4.0,1.5833333333333333,2.0,9.5,1,-1,95,60,0,3.0,5.333333333333333,6.4,5.285714285714286,5.6
157,20180925,18,1,26,9.0,1.6,2.0,9.5,1,1,96,60,0,4.0,3.3333333333333335,5.2,5.571428571428571,5.9
158,20180926,18,1,26,7.0,1.6166666666666667,2.0,9.0,1,2,97,60,0,9.0,5.333333333333333,5.8,6.428571428571429,5.7
159,20180927,18,1,26,12.0,1.5901639344262295,2.0,9.5,0,-1,97,61,0,7.0,6.666666666666667,5.2,6.0,5.7
160,20180928,18,1,3,11.0,1.6065573770491803,2.0,9.0,1,1,98,61,0,12.0,9.333333333333334,7.0,6.857142857142857,6.7
161,20180929,18,1,3,8.0,1.6229508196721312,2.0,8.0,0,2,99,61,0,11.0,10.0,8.6,7.0,7.5
162,20180930,18,1,3,2.0,1.639344262295082,2.0,7.0,0,3,100,61,0,8.0,10.333333333333334,9.4,7.714285714285714,7.3
1,20190328,18,0,2,7.0,0,1.0,0,0,0,0,0,0,5.820987654320987,5.84472049689441,5.849068322981366,5.843330375628512,5.833712905452036
2,20190330,18,0,2,3.0,1.0,1.0,-1.0,0,1,1,0,0,7.0,7.0,7.0,7.0,7.0
3,20190331,18,0,2,5.0,1.0,3.0,0.5,0,-1,1,1,0,3.0,5.0,5.0,5.0,5.0
4,20190401,18,0,9,3.0,0.5,4.0,1.5,1,-2,1,2,0,5.0,5.0,5.0,5.0,5.0
5,20190402,18,0,9,1.0,1.0,3.0,1.5,1,1,2,2,0,3.0,3.6666666666666665,4.5,4.5,4.5
6,20190403,18,0,9,1.0,0.6666666666666666,3.0,2.5,0,-1,2,3,0,1.0,3.0,3.8,3.8,3.8
7,20190404,18,1,2,8.0,0.5,4.0,2.5,0,-2,2,4,0,1.0,1.6666666666666667,2.6,3.3333333333333335,3.3333333333333335
8,20190406,18,1,2,6.0,0.75,3.0,2.0,1,1,3,4,0,8.0,3.3333333333333335,3.6,4.0,4.0
9,20190407,18,1,2,15.0,1.0,2.0,1.5,0,2,4,4,0,6.0,5.0,3.8,3.857142857142857,4.25
10,20190408,18,1,10,3.0,1.25,2.0,1.5,1,3,5,4,0,15.0,9.666666666666666,6.2,5.571428571428571,5.444444444444445
11,20190409,18,1,10,3.0,1.0,2.0,2.5,1,-1,5,5,0,3.0,8.0,6.6,5.285714285714286,5.2
12,20190410,18,1,10,6.0,0.8333333333333334,2.0,3.5,1,-2,5,6,0,3.0,7.0,7.0,5.285714285714286,4.8
13,20190412,18,0,5,6.0,0.7142857142857143,2.0,4.5,1,-3,5,7,0,6.0,4.0,6.6,6.0,5.1
14,20190413,18,0,5,4.0,0.625,2.0,5.5,0,-4,5,8,0,6.0,5.0,6.6,6.714285714285714,5.2
15,20190414,18,0,5,2.0,0.75,2.0,4.5,0,1,6,8,0,4.0,5.333333333333333,4.4,6.142857142857143,5.3
16,20190416,18,0,3,8.0,0.6666666666666666,2.0,5.5,1,-1,6,9,0,2.0,4.0,4.2,5.571428571428571,5.4
17,20190417,18,0,3,5.0,0.7777777777777778,2.0,5.5,1,1,7,9,0,8.0,4.666666666666667,5.2,4.571428571428571,6.1
18,20190418,18,0,11,1.0,0.8888888888888888,2.0,5.5,1,2,8,9,0,5.0,5.0,5.0,4.857142857142857,5.8
19,20190419,18,0,11,6.0,0.8,2.0,5.5,1,-1,8,10,0,1.0,4.666666666666667,4.0,4.571428571428571,5.3
20,20190420,18,0,11,9.0,0.9,2.0,4.5,0,1,9,10,0,6.0,4.0,4.4,4.571428571428571,4.4
21,20190421,18,0,11,7.0,1.0,2.0,3.5,0,2,10,10,0,9.0,5.333333333333333,5.8,5.0,5.0
22,20190422,18,1,12,4.0,1.1,2.0,2.5,1,3,11,10,0,7.0,7.333333333333333,5.6,5.428571428571429,5.4
23,20190423,18,1,12,7.0,1.2,2.0,2.5,1,4,12,10,0,4.0,6.666666666666667,5.4,5.714285714285714,5.2
24,20190424,18,1,12,6.0,1.3,2.0,2.5,1,5,13,10,0,7.0,6.0,6.6,5.571428571428571,5.3
25,20190425,18,1,12,5.0,1.4,2.0,1.5,1,6,14,10,0,6.0,5.666666666666667,6.6,5.714285714285714,5.5
26,20190426,18,1,24,7.0,1.2727272727272727,2.0,2.0,1,-1,14,11,0,5.0,6.0,5.8,6.285714285714286,5.8
27,20190427,18,1,24,6.0,1.3636363636363635,2.0,1.5,0,1,15,11,0,7.0,6.0,5.8,6.428571428571429,5.7
28,20190428,18,1,24,11.0,1.4545454545454546,2.0,1.5,0,2,16,11,0,6.0,6.0,6.2,6.0,5.8
29,20190430,18,1,0,1.0,1.5454545454545454,2.0,1.5,1,3,17,11,0,11.0,8.0,7.0,6.571428571428571,6.8
30,20190501,18,1,0,2.0,1.4166666666666667,2.0,2.5,0,-1,17,12,0,1.0,6.0,6.0,6.142857142857143,6.3
31,20190503,18,0,16,6.0,1.3076923076923077,2.0,2.0,1,-2,17,13,0,2.0,4.666666666666667,5.4,5.428571428571429,5.6
32,20190504,18,0,16,3.0,1.3846153846153846,2.0,2.5,0,1,18,13,0,6.0,3.0,5.2,5.428571428571429,5.5
33,20190505,18,0,16,4.0,1.2857142857142858,2.0,2.5,0,-1,18,14,0,3.0,3.6666666666666665,4.6,5.142857142857143,5.4
34,20190506,18,0,23,7.0,1.3571428571428572,2.0,2.0,1,1,19,14,0,4.0,4.333333333333333,3.2,4.714285714285714,5.1
35,20190507,18,0,23,5.0,1.4285714285714286,2.0,2.0,1,2,20,14,0,7.0,4.666666666666667,4.4,4.857142857142857,5.2
36,20190508,18,0,23,1.0,1.5,2.0,2.0,1,3,21,14,0,5.0,5.333333333333333,5.0,4.0,5.2
37,20190509,18,0,23,3.0,1.4,2.0,2.0,1,-1,21,15,0,1.0,4.333333333333333,4.0,4.0,4.6
38,20190510,18,1,26,4.0,1.4666666666666666,2.0,1.5,1,1,22,15,0,3.0,3.0,4.0,4.142857142857143,4.3
39,20190511,18,1,26,2.0,1.5333333333333334,2.0,0.5,1,2,23,15,0,4.0,2.6666666666666665,4.0,3.857142857142857,3.6
40,20190512,18,1,26,7.0,1.4375,2.0,1.5,0,-1,23,16,0,2.0,3.0,3.0,3.7142857142857144,3.7
41,20190515,18,0,2,5.0,1.5,2.0,0.5,0,1,24,16,1,7.0,4.333333333333333,3.4,4.142857142857143,4.2
42,20190515,18,0,2,3.0,1.5625,2.0,0.5,1,2,25,16,1,5.0,4.666666666666667,4.2,3.857142857142857,4.1
43,20190517,18,0,26,4.0,1.625,2.0,0.5,1,3,26,16,0,3.0,5.0,4.2,3.5714285714285716,4.1
44,20190518,18,0,26,1.0,1.6875,1.0,-0.5,0,4,27,16,0,4.0,4.0,4.2,4.0,4.1
45,20190519,18,0,26,13.0,1.588235294117647,2.0,0.5,0,-1,27,17,0,1.0,2.6666666666666665,4.0,3.7142857142857144,3.5
46,20190520,18,1,2,10.0,1.6470588235294117,1.0,-0.5,1,1,28,17,0,13.0,6.0,5.2,5.0,4.3
47,20190521,18,1,2,11.0,1.7058823529411764,1.0,-1.0,1,2,29,17,0,10.0,8.0,6.2,6.142857142857143,5.2
48,20190522,18,1,2,7.0,1.7647058823529411,1.0,-2.0,1,3,30,17,0,11.0,11.333333333333334,7.8,6.714285714285714,6.0
49,20190523,18,1,2,6.0,1.8235294117647058,1.0,-2.0,0,4,31,17,0,7.0,9.333333333333334,8.4,7.0,6.3
50,20190525,18,1,11,7.0,1.8823529411764706,1.0,-2.0,0,5,32,17,1,6.0,8.0,9.4,7.428571428571429,6.7
51,20190525,18,1,11,6.0,1.9411764705882353,1.0,-3.0,1,6,33,17,1,7.0,6.666666666666667,8.2,7.857142857142857,6.7
52,20190526,18,1,11,7.0,2.0,1.0,-3.0,0,7,34,17,0,6.0,6.333333333333333,7.4,8.571428571428571,6.8
53,20190527,18,0,22,5.0,1.8888888888888888,1.0,-2.0,0,-1,34,18,0,7.0,6.666666666666667,6.6,7.714285714285714,7.2
54,20190528,18,0,22,4.0,1.9444444444444444,1.0,-2.0,1,1,35,18,0,5.0,6.0,6.2,7.0,7.3
55,20190529,18,0,22,7.0,1.8421052631578947,1.0,-1.0,0,-1,35,19,0,4.0,5.333333333333333,5.8,6.0,7.6
56,20190531,18,0,3,4.0,1.894736842105263,1.0,-1.0,1,1,36,19,0,7.0,5.333333333333333,5.8,6.0,7.0
57,20190601,18,0,3,5.0,1.9473684210526316,1.0,-1.5,1,2,37,19,0,4.0,5.0,5.4,5.714285714285714,6.4
58,20190602,18,0,3,5.0,2.0,1.0,-2.5,1,3,38,19,0,5.0,5.333333333333333,5.0,5.428571428571429,5.8
59,20190604,18,1,28,3.0,1.9,1.0,-2.5,1,-1,38,20,0,5.0,4.666666666666667,5.0,5.285714285714286,5.6
60,20190605,18,1,28,7.0,1.8095238095238095,1.0,-2.5,1,-2,38,21,0,3.0,4.333333333333333,4.8,4.714285714285714,5.3
61,20190606,18,1,28,6.0,1.7272727272727273,1.0,-1.5,1,-3,38,22,0,7.0,5.0,4.8,5.0,5.3
62,20190607,18,1,7,2.0,1.7727272727272727,1.0,-1.5,1,1,39,22,0,6.0,5.333333333333333,5.2,5.285714285714286,5.3
63,20190608,18,1,7,4.0,1.6956521739130435,1.0,-0.5,0,-1,39,23,0,2.0,5.0,4.6,4.571428571428571,4.8
64,20190609,18,1,7,7.0,1.625,1.0,0,0,-2,39,24,0,4.0,4.0,4.4,4.571428571428571,4.7
65,20190611,18,0,17,12.0,1.6666666666666667,1.0,0,0,1,40,24,1,7.0,4.333333333333333,5.2,4.857142857142857,5.0
66,20190611,18,0,17,4.0,1.7083333333333333,1.0,0,1,2,41,24,1,12.0,7.666666666666667,6.2,5.857142857142857,5.5
67,20190613,18,1,5,4.0,1.64,1.0,0,1,-1,41,25,0,4.0,7.666666666666667,5.8,6.0,5.5
68,20190614,18,1,5,2.0,1.5769230769230769,1.0,-0.5,1,-2,41,26,0,4.0,6.666666666666667,6.2,5.571428571428571,5.4
69,20190615,18,1,5,8.0,1.5185185185185186,2.0,0.5,1,-3,41,27,0,2.0,3.3333333333333335,5.8,5.0,5.1
70,20190616,18,1,5,10.0,1.5555555555555556,1.0,-0.5,0,1,42,27,0,8.0,4.666666666666667,6.0,5.857142857142857,5.6
71,20190617,18,0,26,3.0,1.5925925925925926,1.0,-0.5,1,2,43,27,0,10.0,6.666666666666667,5.6,6.714285714285714,5.9
72,20190618,18,0,26,6.0,1.6296296296296295,1.0,-1.5,1,3,44,27,0,3.0,7.0,5.4,6.142857142857143,5.6
73,20190619,18,0,26,12.0,1.6666666666666667,1.0,-2.5,0,4,45,27,0,6.0,6.333333333333333,5.8,5.285714285714286,6.0
74,20190620,18,0,10,10.0,1.7037037037037037,1.0,-3.5,1,5,46,27,0,12.0,7.0,7.8,6.428571428571429,6.8
75,20190621,18,0,10,4.0,1.7407407407407407,1.0,-4.5,1,6,47,27,0,10.0,9.333333333333334,8.2,7.285714285714286,7.1
76,20190622,18,0,10,7.0,1.7777777777777777,1.0,-4.5,1,7,48,27,0,4.0,8.666666666666666,7.0,7.571428571428571,6.3
77,20190623,18,0,10,4.0,1.8148148148148149,1.0,-5.5,0,8,49,27,0,7.0,7.0,7.8,7.428571428571429,6.6
78,20190624,18,0,28,10.0,1.75,1.0,-4.5,1,-1,49,28,0,4.0,5.0,7.4,6.571428571428571,6.6
79,20190625,18,0,28,4.0,1.7857142857142858,1.0,-5.0,1,1,50,28,0,10.0,7.0,7.0,7.571428571428571,7.4
80,20190626,18,0,28,8.0,1.8214285714285714,1.0,-6.0,0,2,51,28,0,4.0,6.0,5.8,7.285714285714286,7.0
81,20190629,18,1,3,17.0,1.8571428571428572,1.0,-7.0,1,3,52,28,0,8.0,7.333333333333333,6.6,6.714285714285714,6.8
82,20190630,18,1,3,12.0,1.8928571428571428,1.0,-7.0,0,4,53,28,0,17.0,9.666666666666666,8.6,7.714285714285714,8.2
83,20190702,18,1,17,2.0,1.9285714285714286,1.0,-7.0,1,5,54,28,0,12.0,12.333333333333334,10.2,8.857142857142858,8.8
84,20190703,18,1,17,5.0,1.8620689655172413,1.0,-5.5,1,-1,54,29,0,2.0,10.333333333333334,8.6,8.142857142857142,7.8
85,20190704,18,1,26,8.0,1.896551724137931,1.0,-6.5,1,1,55,29,0,5.0,6.333333333333333,8.8,8.285714285714286,7.3
86,20190705,18,1,26,8.0,1.9310344827586208,1.0,-7.5,1,2,56,29,0,8.0,5.0,8.8,8.0,7.7
87,20190706,18,1,26,3.0,1.9655172413793103,1.0,-8.5,0,3,57,29,0,8.0,7.0,7.0,8.571428571428571,7.8
88,20190707,18,1,26,1.0,1.9,1.0,-7.5,0,-1,57,30,0,3.0,6.333333333333333,5.2,7.857142857142857,7.7
89,20190712,18,0,28,4.0,1.8387096774193548,1.0,-6.5,1,-2,57,31,0,1.0,4.0,5.0,5.571428571428571,6.8
90,20190713,18,0,28,1.0,1.8709677419354838,1.0,-6.5,0,1,58,31,0,4.0,2.6666666666666665,4.8,4.428571428571429,6.8
91,20190714,18,0,28,4.0,1.8125,1.0,-6.0,0,-1,58,32,0,1.0,2.0,3.4,4.285714285714286,6.1
92,20190715,18,0,26,4.0,1.84375,1.0,-6.0,1,1,59,32,0,4.0,3.0,2.6,4.142857142857143,4.8
93,20190716,18,0,26,8.0,1.7878787878787878,1.0,-5.0,1,-1,59,33,0,4.0,3.0,2.8,3.5714285714285716,4.0
94,20190718,18,0,26,6.0,1.8181818181818181,1.0,-6.0,0,1,60,33,1,8.0,5.333333333333333,4.2,3.5714285714285716,4.6
95,20190718,18,0,26,5.0,1.8484848484848484,1.0,-8.0,1,2,61,33,1,6.0,6.0,4.6,4.0,4.7
96,20190719,18,0,8,8.0,1.878787878787879,1.0,-8.0,1,3,62,33,0,5.0,6.333333333333333,5.4,4.571428571428571,4.4
97,20190720,18,0,8,11.0,1.9090909090909092,1.0,-9.0,0,4,63,33,0,8.0,6.333333333333333,6.2,5.142857142857143,4.4
98,20190721,18,0,8,4.0,1.9393939393939394,1.0,-0.0,0,5,64,33,0,11.0,8.0,7.6,6.571428571428571,5.2
99,20190722,18,1,16,6.0,1.8823529411764706,1.0,-9.0,1,-1,64,34,0,4.0,7.666666666666667,6.8,6.571428571428571,5.5
100,20190723,18,1,16,14.0,1.8285714285714285,1.0,-9.0,1,-2,64,35,0,6.0,7.0,6.8,6.857142857142857,5.7
101,20190724,18,1,16,10.0,1.8571428571428572,1.0,-0.0,1,1,65,35,0,14.0,8.0,8.6,7.714285714285714,7.0
102,20190725,18,1,3,3.0,1.8857142857142857,1.0,-0.0,1,2,66,35,0,10.0,10.0,9.0,8.285714285714286,7.6
103,20190726,18,1,3,5.0,1.8333333333333333,1.0,-9.5,1,-1,66,36,0,3.0,9.0,7.4,8.0,7.5
104,20190727,18,1,3,5.0,1.7837837837837838,1.0,-8.5,0,-2,66,37,0,5.0,6.0,7.6,7.571428571428571,7.2
105,20190728,18,1,3,9.0,1.736842105263158,1.0,-8.0,1,-3,66,38,0,5.0,4.333333333333333,7.4,6.714285714285714,7.1
106,20190730,18,0,0,2.0,1.763157894736842,1.0,-8.5,1,1,67,38,0,9.0,6.333333333333333,6.4,7.428571428571429,7.5
107,20190731,18,0,0,7.0,1.7179487179487178,1.0,-7.5,0,-1,67,39,0,2.0,5.333333333333333,4.8,6.857142857142857,6.9
108,20190802,18,0,3,4.0,1.7435897435897436,1.0,-7.5,1,1,68,39,0,7.0,6.0,5.6,5.857142857142857,6.5
109,20190803,18,0,3,9.0,1.7692307692307692,1.0,-7.5,0,2,69,39,1,4.0,4.333333333333333,5.4,5.0,6.5
110,20190803,18,0,3,6.0,1.794871794871795,1.0,-8.0,1,3,70,39,1,9.0,6.666666666666667,6.2,5.857142857142857,6.8
111,20190804,18,0,3,7.0,1.8205128205128205,1.0,-8.0,1,4,71,39,0,6.0,6.333333333333333,5.6,6.0,6.0
112,20190805,18,1,2,9.0,1.8461538461538463,1.0,-8.0,1,5,72,39,0,7.0,7.333333333333333,6.6,6.285714285714286,5.7
113,20190806,18,1,2,9.0,1.8717948717948718,1.0,-9.0,1,6,73,39,0,9.0,7.333333333333333,7.0,6.285714285714286,6.3
114,20190807,18,1,2,14.0,1.8974358974358974,1.0,-9.0,1,7,74,39,0,9.0,8.333333333333334,8.0,7.285714285714286,6.7
115,20190808,18,1,28,12.0,1.9230769230769231,1.0,-0.0,1,8,75,39,0,14.0,10.666666666666666,9.0,8.285714285714286,7.6
116,20190809,18,1,28,2.0,1.9487179487179487,1.0,-0.5,1,9,76,39,0,12.0,11.666666666666666,10.2,9.428571428571429,7.9
117,20190810,18,1,28,4.0,1.9,1.0,-9.5,0,-1,76,40,0,2.0,9.333333333333334,9.2,8.428571428571429,7.9
118,20190811,18,1,28,1.0,1.853658536585366,1.0,-8.5,0,-2,76,41,0,4.0,6.0,8.2,8.142857142857142,7.6
119,20190812,18,0,2,8.0,1.8780487804878048,1.0,-8.5,0,1,77,41,1,1.0,2.3333333333333335,6.6,7.285714285714286,7.3
120,20190812,18,0,2,11.0,1.9024390243902438,1.0,-9.0,1,2,78,41,1,8.0,4.333333333333333,5.4,7.142857142857143,7.2
121,20190813,18,0,2,8.0,1.9268292682926829,1.0,-9.0,1,3,79,41,0,11.0,6.666666666666667,5.2,7.428571428571429,7.7
122,20190814,18,0,2,6.0,1.951219512195122,1.0,-9.0,0,4,80,41,0,8.0,9.0,6.4,6.571428571428571,7.8
123,20190815,18,0,7,5.0,1.975609756097561,1.0,-0.0,1,5,81,41,0,6.0,8.333333333333334,6.8,5.714285714285714,7.5
124,20190816,18,0,7,3.0,1.9285714285714286,1.0,-9.5,1,-1,81,42,0,5.0,6.333333333333333,7.6,6.142857142857143,7.1
125,20190817,18,0,7,6.0,1.9523809523809523,1.0,-0.5,0,1,82,42,0,3.0,4.666666666666667,6.6,6.0,6.0
126,20190818,18,0,7,4.0,1.9761904761904763,1.0,-0.5,0,2,83,42,0,6.0,4.666666666666667,5.6,6.714285714285714,5.4
127,20190820,18,1,19,2.0,1.930232558139535,1.0,-9.5,1,-1,83,43,0,4.0,4.333333333333333,4.8,6.142857142857143,5.6
128,20190821,18,1,19,4.0,1.8863636363636365,1.0,-0.0,1,-2,83,44,0,2.0,4.0,4.0,4.857142857142857,5.4
129,20190822,18,1,19,3.0,1.8444444444444446,1.0,-9.0,1,-3,83,45,0,4.0,3.3333333333333335,3.8,4.285714285714286,5.7
130,20190823,18,1,13,10.0,1.8043478260869565,1.0,-8.0,1,-4,83,46,0,3.0,3.0,3.8,3.857142857142857,5.2
131,20190824,18,1,13,1.0,1.826086956521739,1.0,-8.0,0,1,84,46,0,10.0,5.666666666666667,4.6,4.571428571428571,5.1
132,20190825,18,1,13,5.0,1.7872340425531914,1.0,-8.0,0,-1,84,47,0,1.0,4.666666666666667,4.0,4.285714285714286,4.4
133,20190826,18,1,23,5.0,1.8085106382978724,1.0,-9.0,1,1,85,47,0,5.0,5.333333333333333,4.6,4.142857142857143,4.3
134,20190827,18,1,23,7.0,1.8297872340425532,1.0,-9.5,1,2,86,47,0,5.0,3.6666666666666665,4.8,4.285714285714286,4.3
135,20190828,18,1,23,7.0,1.851063829787234,1.0,-0.5,0,3,87,47,0,7.0,5.666666666666667,5.6,5.0,4.7
136,20190830,18,0,19,2.0,1.872340425531915,1.0,-1.5,1,4,88,47,0,7.0,6.333333333333333,5.0,5.428571428571429,4.8
137,20190831,18,0,19,4.0,1.8333333333333333,1.0,-0.0,0,-1,88,48,0,2.0,5.333333333333333,5.2,5.285714285714286,4.6
138,20190901,18,0,19,5.0,1.8541666666666667,1.0,-0.0,0,1,89,48,0,4.0,4.333333333333333,5.0,4.428571428571429,4.8
139,20190902,18,0,27,0.0,1.875,1.0,-0.0,0,2,90,48,0,5.0,3.6666666666666665,5.0,5.0,4.9
140,20190903,18,0,27,10.0,1.836734693877551,1.0,-9.0,1,-1,90,49,0,0.0,3.0,3.6,4.285714285714286,4.6
141,20190904,18,0,27,4.0,1.8571428571428572,1.0,-9.5,1,1,91,49,0,10.0,5.0,4.2,5.0,4.6
142,20190906,18,1,3,1.0,1.8775510204081634,1.0,-0.0,1,2,92,49,0,4.0,4.666666666666667,4.6,4.571428571428571,4.9
143,20190907,18,1,3,5.0,1.84,1.0,-8.5,0,-1,92,50,0,1.0,5.0,4.0,3.7142857142857144,4.5
144,20190908,18,1,3,10.0,1.86,1.0,-8.5,1,1,93,50,0,5.0,3.3333333333333335,4.0,4.142857142857143,4.5
145,20190909,18,1,3,5.0,1.88,1.0,-8.5,1,2,94,50,0,10.0,5.333333333333333,6.0,5.0,4.8
146,20190910,18,1,9,11.0,1.9,1.0,-9.0,1,3,95,50,0,5.0,6.666666666666667,5.0,5.0,4.6
147,20190912,18,1,9,10.0,1.8627450980392157,1.0,-8.0,0,-1,95,51,1,11.0,8.666666666666666,6.4,6.571428571428571,5.5
148,20190912,18,1,9,6.0,1.8823529411764706,1.0,-0.0,1,1,96,51,1,10.0,8.666666666666666,8.2,6.571428571428571,6.1
149,20190913,18,1,28,5.0,1.9019607843137254,1.0,-0.0,1,2,97,51,0,6.0,9.0,8.4,6.857142857142857,6.2
150,20190914,18,1,28,13.0,1.8653846153846154,1.0,-9.0,0,-1,97,52,0,5.0,7.0,7.4,7.428571428571429,6.7
151,20190915,18,1,28,4.0,1.8846153846153846,1.0,-9.0,0,1,98,52,0,13.0,8.0,9.0,8.571428571428571,7.0
152,20190917,18,0,12,8.0,1.849056603773585,1.0,-9.0,1,-1,98,53,0,4.0,7.333333333333333,7.6,7.714285714285714,7.0
153,20190918,18,0,12,2.0,1.8679245283018868,1.0,-0.0,1,1,99,53,0,8.0,8.333333333333334,7.2,8.142857142857142,7.7
154,20190919,18,0,12,9.0,1.8333333333333333,1.0,-9.0,1,-1,99,54,0,2.0,4.666666666666667,6.4,6.857142857142857,7.4
155,20190920,18,0,28,3.0,1.8518518518518519,1.0,-9.5,1,1,100,54,0,9.0,6.333333333333333,7.2,6.714285714285714,7.3
156,20190921,18,0,28,7.0,1.8181818181818181,1.0,-8.5,0,-1,100,55,0,3.0,4.666666666666667,5.2,6.285714285714286,7.1
157,20190922,18,0,28,8.0,1.8363636363636364,1.0,-8.5,0,1,101,55,0,7.0,6.333333333333333,5.8,6.571428571428571,6.7
158,20190924,18,1,26,1.0,1.8545454545454545,1.0,-9.5,1,2,102,55,0,8.0,6.0,5.8,5.857142857142857,6.5
159,20190925,18,1,26,0.0,1.8214285714285714,1.0,-8.0,1,-1,102,56,0,1.0,5.333333333333333,5.6,5.428571428571429,6.0
160,20190927,18,1,27,14.0,1.7894736842105263,1.0,-7.0,1,-2,102,57,0,0.0,3.0,3.8,4.285714285714286,5.5
161,20190928,18,1,27,4.0,1.8070175438596492,1.0,-7.0,1,1,103,57,0,14.0,5.0,6.0,6.0,5.6
162,20190929,18,1,27,1.0,1.7758620689655173,1.0,-7.0,0,-1,103,58,0,4.0,6.0,5.4,5.285714285714286,5.6
1,20200723,18,1,29,4.0,0,1.0,0,1,0,0,0,0,5.25,5.259887005649718,5.26949152542373,5.24955609362389,5.242393058918482
2,20200725,18,1,29,2.0,1.0,1.0,-0.5,1,1,1,0,0,4.0,4.0,4.0,4.0,4.0
3,20200726,18,1,29,3.0,1.0,1.0,0,0,-1,1,1,0,2.0,3.0,3.0,3.0,3.0
4,20200729,18,1,2,9.0,2.0,1.0,0,1,1,2,1,0,3.0,3.0,3.0,3.0,3.0
5,20200730,18,1,2,8.0,3.0,1.0,0,1,2,3,1,0,9.0,4.666666666666667,4.5,4.5,4.5
6,20200731,18,0,3,5.0,4.0,1.0,-1.0,1,3,4,1,0,8.0,6.666666666666667,5.2,5.2,5.2
7,20200801,18,0,3,5.0,5.0,1.0,-2.0,1,4,5,1,0,5.0,7.333333333333333,5.4,5.166666666666667,5.166666666666667
8,20200802,18,0,3,9.0,6.0,1.0,-2.0,1,5,6,1,0,5.0,6.0,6.0,5.142857142857143,5.142857142857143
9,20200803,18,0,20,6.0,7.0,1.0,-2.0,1,6,7,1,0,9.0,6.333333333333333,7.2,5.857142857142857,5.625
10,20200805,18,1,20,7.0,8.0,1.0,-2.5,0,7,8,1,1,6.0,6.666666666666667,6.6,6.428571428571429,5.666666666666667
11,20200805,18,1,20,3.0,4.0,1.0,-4.0,0,-1,8,2,1,7.0,7.333333333333333,6.4,7.0,5.8
12,20200806,18,1,20,4.0,4.5,1.0,-4.0,1,1,9,2,0,3.0,5.333333333333333,6.0,6.142857142857143,5.7
13,20200807,18,1,26,0.0,3.0,1.0,-4.0,1,-1,9,3,0,4.0,4.666666666666667,5.8,5.571428571428571,5.9
14,20200808,18,1,26,8.0,2.25,1.0,-3.0,0,-2,9,4,1,0.0,2.3333333333333335,4.0,4.857142857142857,5.6
15,20200808,18,1,26,3.0,2.5,1.0,-2.5,0,1,10,4,1,8.0,4.0,4.4,5.285714285714286,5.5
16,20200809,18,1,26,3.0,2.0,1.0,-2.5,0,-1,10,5,0,3.0,3.6666666666666665,3.6,4.428571428571429,5.0
17,20200811,18,0,1,9.0,1.6666666666666667,1.0,-1.5,1,-2,10,6,0,3.0,4.666666666666667,3.6,4.0,4.8
18,20200812,18,0,1,6.0,1.8333333333333333,1.0,-1.5,1,1,11,6,0,9.0,5.0,4.6,4.285714285714286,5.2
19,20200814,18,0,3,10.0,2.0,1.0,-1.5,1,2,12,6,0,6.0,6.0,5.8,4.714285714285714,4.9
20,20200815,18,0,3,11.0,2.1666666666666665,1.0,-2.0,1,3,13,6,0,10.0,8.333333333333334,6.2,5.571428571428571,5.3
21,20200816,18,0,3,4.0,2.3333333333333335,1.0,-2.0,1,4,14,6,0,11.0,9.0,7.8,7.142857142857143,5.7
22,20200817,18,0,3,6.0,2.5,1.0,-2.0,1,5,15,6,0,4.0,8.333333333333334,8.0,6.571428571428571,5.8
23,20200818,18,0,26,3.0,2.6666666666666665,1.0,-2.5,1,6,16,6,0,6.0,7.0,7.4,7.0,6.0
24,20200819,18,0,26,2.0,2.2857142857142856,1.0,-1.5,1,-1,16,7,0,3.0,4.333333333333333,6.8,7.0,6.3
25,20200820,18,0,26,5.0,2.0,1.0,-0.5,0,-2,16,8,0,2.0,3.6666666666666665,5.2,6.0,5.7
26,20200826,18,1,1,1.0,1.7777777777777777,2.0,0.5,0,-3,16,9,1,5.0,3.3333333333333335,4.0,5.857142857142857,5.9
27,20200826,18,1,1,1.0,1.6,2.0,2.5,1,-4,16,10,1,1.0,2.6666666666666665,3.4,4.571428571428571,5.7
28,20200828,18,0,17,4.0,1.4545454545454546,2.0,2.5,0,-5,16,11,1,1.0,2.3333333333333335,2.4,3.142857142857143,4.9
29,20200828,18,0,17,3.0,1.3333333333333333,2.0,4.0,1,-6,16,12,1,4.0,2.0,2.6,3.142857142857143,4.7
30,20200829,18,0,17,2.0,1.2307692307692308,2.0,4.0,0,-7,16,13,0,3.0,2.6666666666666665,2.8,2.7142857142857144,4.0
31,20200830,18,0,17,8.0,1.3076923076923077,2.0,4.0,0,1,17,13,1,2.0,3.0,2.2,2.5714285714285716,3.1
32,20200830,18,0,17,5.0,1.3846153846153846,2.0,3.5,1,2,18,13,1,8.0,4.333333333333333,3.6,3.4285714285714284,3.5
33,20200831,18,0,26,3.0,1.4615384615384615,2.0,3.5,1,3,19,13,0,5.0,5.0,4.4,3.4285714285714284,3.4
34,20200901,18,0,26,5.0,1.3571428571428572,2.0,4.5,1,-1,19,14,0,3.0,5.333333333333333,4.2,3.7142857142857144,3.4
35,20200902,18,0,26,2.0,1.4285714285714286,2.0,3.5,1,1,20,14,0,5.0,4.333333333333333,4.6,4.285714285714286,3.7
36,20200903,18,1,17,7.0,1.3333333333333333,2.0,4.5,0,-1,20,15,0,2.0,3.3333333333333335,4.6,4.0,3.4
37,20200904,18,1,2,6.0,1.25,2.0,5.0,1,-2,20,16,1,7.0,4.666666666666667,4.4,4.571428571428571,4.0
38,20200904,18,1,2,3.0,1.3125,2.0,5.5,1,1,21,16,1,6.0,5.0,4.6,5.142857142857143,4.5
39,20200905,18,1,2,1.0,1.2352941176470589,2.0,5.5,1,-1,21,17,0,3.0,5.333333333333333,4.6,4.428571428571429,4.4
40,20200906,18,1,2,1.0,1.1666666666666667,2.0,5.5,0,-2,21,18,0,1.0,3.3333333333333335,3.8,3.857142857142857,4.2
41,20200907,18,1,28,7.0,1.105263157894737,3.0,6.5,1,-3,21,19,0,1.0,1.6666666666666667,3.6,3.5714285714285716,4.1
42,20200908,18,1,28,1.0,1.05,3.0,6.5,1,-4,21,20,0,7.0,3.0,3.6,3.857142857142857,4.0
43,20200909,18,1,28,7.0,1.0,3.0,6.5,1,-5,21,21,0,1.0,3.0,2.6,3.7142857142857144,3.6
44,20200911,18,0,2,6.0,1.0476190476190477,3.0,6.0,0,1,22,21,1,7.0,5.0,3.4,3.7142857142857144,4.0
45,20200911,18,0,2,10.0,1.0952380952380953,3.0,5.0,1,2,23,21,1,6.0,4.666666666666667,4.4,3.7142857142857144,4.1
46,20200912,18,0,2,2.0,1.1428571428571428,3.0,5.0,0,3,24,21,0,10.0,7.666666666666667,6.2,4.714285714285714,4.9
47,20200913,18,0,2,3.0,1.1904761904761905,3.0,5.0,0,4,25,21,0,2.0,6.0,5.2,4.857142857142857,4.4
48,20200915,18,0,28,20.0,1.2380952380952381,3.0,4.0,1,5,26,21,0,3.0,5.0,5.6,5.142857142857143,4.1
49,20200916,18,0,28,13.0,1.2857142857142858,2.0,4.0,1,6,27,21,0,20.0,8.333333333333334,8.2,7.0,5.8
50,20200917,18,0,28,10.0,1.3333333333333333,2.0,3.0,1,7,28,21,0,13.0,12.0,9.6,8.714285714285714,7.0
51,20200918,18,1,3,6.0,1.380952380952381,2.0,3.5,1,8,29,21,0,10.0,14.333333333333334,9.6,9.142857142857142,7.9
52,20200919,18,1,3,8.0,1.4285714285714286,2.0,3.5,1,9,30,21,0,6.0,9.666666666666666,10.4,9.142857142857142,7.8
53,20200920,18,1,3,2.0,1.4761904761904763,2.0,3.5,0,10,31,21,0,8.0,8.0,11.4,8.857142857142858,8.5
54,20200921,18,1,28,5.0,1.4090909090909092,2.0,3.5,1,-1,31,22,0,2.0,5.333333333333333,7.8,8.857142857142858,8.0
55,20200922,18,1,28,12.0,1.3478260869565217,2.0,4.5,1,-2,31,23,0,5.0,5.0,6.2,9.142857142857142,7.9
56,20200923,18,1,28,1.0,1.391304347826087,2.0,3.5,1,1,32,23,0,12.0,6.333333333333333,6.6,8.0,8.1
57,20200924,18,1,28,1.0,1.3333333333333333,2.0,4.5,1,-1,32,24,0,1.0,6.0,5.6,6.285714285714286,8.0
58,20200925,18,0,14,3.0,1.28,2.0,5.0,1,-2,32,25,0,1.0,4.666666666666667,4.2,5.0,7.8
59,20200926,18,0,14,11.0,1.2307692307692308,2.0,6.0,0,-3,32,26,0,3.0,1.6666666666666667,4.4,4.571428571428571,6.1
60,20200927,18,0,14,0.0,1.2692307692307692,2.0,6.0,0,1,33,26,0,11.0,5.0,5.6,5.0,5.9
1,20210401,18,0,28,2.0,0,1.0,0,0,0,0,0,0,4.388888888888889,4.410973084886129,4.401966873706004,4.39075717243419,4.372306023858819
2,20210403,18,0,28,5.0,0.0,5.0,1.0,0,-1,0,1,0,2.0,2.0,2.0,2.0,2.0
3,20210404,18,0,28,1.0,1.0,3.0,1.0,0,1,1,1,0,5.0,3.5,3.5,3.5,3.5
4,20210405,18,0,2,7.0,0.5,4.0,2.0,1,-1,1,2,0,1.0,2.6666666666666665,2.6666666666666665,2.6666666666666665,2.6666666666666665
5,20210406,18,0,2,7.0,1.0,3.0,1.0,1,1,2,2,0,7.0,4.333333333333333,3.75,3.75,3.75
6,20210407,18,0,2,3.0,1.5,1.0,0,1,2,3,2,0,7.0,5.0,4.4,4.4,4.4
7,20210409,18,1,26,5.0,1.0,2.0,1.0,0,-1,3,3,0,3.0,5.666666666666667,4.6,4.166666666666667,4.166666666666667
8,20210410,18,1,26,0.0,0.75,3.0,1.0,0,-2,3,4,0,5.0,5.0,4.6,4.285714285714286,4.285714285714286
9,20210411,18,1,26,8.0,0.6,5.0,2.0,0,-3,3,5,0,0.0,2.6666666666666665,4.4,4.0,3.75
10,20210412,18,1,28,3.0,0.8,2.0,2.0,1,1,4,5,0,8.0,4.333333333333333,4.6,4.428571428571429,4.222222222222222
11,20210413,18,1,28,3.0,1.0,2.0,1.5,1,2,5,5,0,3.0,3.6666666666666665,3.8,4.714285714285714,4.1
12,20210414,18,1,28,4.0,0.8333333333333334,2.0,2.5,0,-1,5,6,0,3.0,4.666666666666667,3.8,4.142857142857143,4.2
13,20210416,18,0,26,2.0,0.7142857142857143,4.0,4.0,1,-2,5,7,0,4.0,3.3333333333333335,3.6,3.7142857142857144,4.1
14,20210417,18,0,26,3.0,0.625,5.0,4.0,0,-3,5,8,0,2.0,3.0,4.0,3.5714285714285716,4.2
15,20210418,18,0,26,2.0,0.5555555555555556,5.0,5.0,0,-4,5,9,0,3.0,3.0,3.0,3.2857142857142856,3.8
16,20210420,18,0,1,3.0,0.5,5.0,4.5,1,-5,5,10,0,2.0,2.3333333333333335,2.8,3.5714285714285716,3.3
17,20210421,18,0,1,1.0,0.6,5.0,5.0,1,1,6,10,0,3.0,2.6666666666666665,2.8,2.857142857142857,3.3
18,20210422,18,1,7,6.0,0.5454545454545454,5.0,5.0,1,-1,6,11,0,1.0,2.0,2.2,2.5714285714285716,2.9
19,20210423,18,1,7,5.0,0.6363636363636364,5.0,4.0,1,1,7,11,0,6.0,3.3333333333333335,3.0,3.0,3.5
20,20210424,18,1,7,2.0,0.7272727272727273,4.0,4.0,1,2,8,11,0,5.0,4.0,3.4,3.142857142857143,3.2
21,20210425,18,1,7,3.0,0.8181818181818182,3.0,3.0,0,3,9,11,0,2.0,4.333333333333333,3.4,3.142857142857143,3.1
22,20210426,18,1,2,2.0,0.75,4.0,4.0,1,-1,9,12,0,3.0,3.3333333333333335,3.4,3.142857142857143,3.1
23,20210427,18,1,2,5.0,0.6923076923076923,5.0,4.5,1,-2,9,13,0,2.0,2.3333333333333335,3.6,3.142857142857143,2.9
24,20210428,18,1,2,7.0,0.7692307692307693,4.0,4.5,1,1,10,13,0,5.0,3.3333333333333335,3.4,3.4285714285714284,3.2
25,20210429,18,1,2,3.0,0.8461538461538461,4.0,4.5,0,2,11,13,0,7.0,4.666666666666667,3.8,4.285714285714286,3.6
26,20210430,18,0,9,10.0,0.7857142857142857,4.0,4.5,1,-1,11,14,0,3.0,5.0,4.0,3.857142857142857,3.7
27,20210501,18,0,9,6.0,0.8571428571428571,4.0,4.5,0,1,12,14,0,10.0,6.666666666666667,5.4,4.571428571428571,4.4
28,20210502,18,0,9,2.0,0.9285714285714286,3.0,3.5,0,2,13,14,0,6.0,6.333333333333333,6.2,5.142857142857143,4.9
29,20210504,18,0,10,7.0,1.0,3.0,2.5,1,3,14,14,0,2.0,6.0,5.6,5.0,4.5
30,20210505,18,0,10,6.0,1.0714285714285714,2.0,2.5,1,4,15,14,0,7.0,5.0,5.6,5.714285714285714,4.7
31,20210506,18,0,10,4.0,1.1428571428571428,2.0,1.5,0,5,16,14,0,6.0,5.0,6.2,5.857142857142857,5.1
32,20210507,18,0,29,4.0,1.0666666666666667,4.0,2.5,1,-1,16,15,0,4.0,5.666666666666667,5.0,5.428571428571429,5.2
33,20210508,18,0,29,4.0,1.0,4.0,3.5,0,-2,16,16,0,4.0,4.666666666666667,4.6,5.571428571428571,5.4
34,20210509,18,0,29,3.0,1.0625,3.0,3.5,0,1,17,16,0,4.0,4.0,5.0,4.714285714285714,5.3
35,20210511,18,1,26,3.0,1.125,2.0,3.5,1,2,18,16,0,3.0,3.6666666666666665,4.2,4.285714285714286,4.9
36,20210512,18,1,26,1.0,1.1875,2.0,2.0,1,3,19,16,0,3.0,3.3333333333333335,3.6,4.428571428571429,4.9
37,20210513,18,1,26,1.0,1.25,2.0,1.0,1,4,20,16,0,1.0,2.3333333333333335,3.0,3.5714285714285716,4.0
38,20210514,18,1,2,5.0,1.1764705882352942,3.0,2.0,1,-1,20,17,0,1.0,1.6666666666666667,2.4,2.857142857142857,3.5
39,20210515,18,1,2,8.0,1.2352941176470589,2.0,2.0,1,1,21,17,0,5.0,2.3333333333333335,2.6,3.0,3.8
40,20210516,18,1,2,6.0,1.2941176470588236,2.0,2.0,0,2,22,17,0,8.0,4.666666666666667,3.6,3.5714285714285716,3.9
41,20210517,18,1,27,2.0,1.2222222222222223,3.0,2.0,1,-1,22,18,0,6.0,6.333333333333333,4.2,3.857142857142857,3.9
42,20210518,18,1,27,7.0,1.1578947368421053,4.0,2.5,1,-2,22,19,0,2.0,5.333333333333333,4.4,3.7142857142857144,3.7
43,20210519,18,1,27,2.0,1.2105263157894737,4.0,1.5,1,1,23,19,0,7.0,5.0,5.6,4.285714285714286,4.0
44,20210520,18,1,27,2.0,1.263157894736842,3.0,1.5,0,2,24,19,0,2.0,3.6666666666666665,5.0,4.428571428571429,3.8
45,20210521,18,0,5,2.0,1.3157894736842106,3.0,1.5,1,3,25,19,0,2.0,3.6666666666666665,3.8,4.571428571428571,3.7
46,20210522,18,0,5,7.0,1.368421052631579,3.0,1.5,0,4,26,19,0,2.0,2.0,3.0,4.142857142857143,3.6
47,20210523,18,0,5,5.0,1.4210526315789473,3.0,1.5,0,5,27,19,0,7.0,3.6666666666666665,4.0,4.0,4.2
48,20210525,18,0,28,2.0,1.4736842105263157,3.0,0.5,1,6,28,19,0,5.0,4.666666666666667,3.6,3.857142857142857,4.6
49,20210527,18,0,28,0.0,1.4,3.0,1.0,0,-1,28,20,1,2.0,4.666666666666667,3.6,3.857142857142857,4.3
50,20210527,18,0,28,5.0,1.3333333333333333,3.0,2.0,1,-2,28,21,1,0.0,2.3333333333333335,3.2,2.857142857142857,3.5
51,20210528,18,1,9,2.0,1.380952380952381,3.0,2.0,1,1,29,21,0,5.0,2.3333333333333335,3.8,3.2857142857142856,3.4
52,20210529,18,1,9,1.0,1.3181818181818181,3.0,2.5,0,-1,29,22,0,2.0,2.3333333333333335,2.8,3.2857142857142856,3.4
53,20210530,18,1,9,2.0,1.2608695652173914,3.0,3.5,0,-2,29,23,0,1.0,2.6666666666666665,2.0,3.142857142857143,2.8
54,20210531,18,0,26,1.0,1.2083333333333333,3.0,4.5,0,-3,29,24,0,2.0,1.6666666666666667,2.0,2.4285714285714284,2.8
55,20210601,18,0,26,5.0,1.16,3.0,5.5,1,-4,29,25,0,1.0,1.3333333333333333,2.2,1.8571428571428572,2.7
56,20210602,18,0,26,4.0,1.2,3.0,4.5,1,1,30,25,0,5.0,2.6666666666666665,2.2,2.2857142857142856,3.0
57,20210603,18,0,26,2.0,1.24,3.0,3.5,0,2,31,25,0,4.0,3.3333333333333335,2.6,2.857142857142857,2.7
58,20210604,18,0,3,2.0,1.1923076923076923,3.0,4.5,1,-1,31,26,0,2.0,3.6666666666666665,2.8,2.4285714285714284,2.4
59,20210605,18,0,3,3.0,1.1481481481481481,3.0,4.5,1,-2,31,27,0,2.0,2.6666666666666665,2.8,2.4285714285714284,2.4
60,20210606,18,0,3,5.0,1.1071428571428572,4.0,5.5,1,-3,31,28,0,3.0,2.3333333333333335,3.2,2.7142857142857144,2.7
61,20210608,18,1,16,8.0,1.0689655172413792,4.0,6.5,1,-4,31,29,0,5.0,3.3333333333333335,3.2,3.142857142857143,2.7
62,20210609,18,1,16,9.0,1.103448275862069,3.0,6.5,1,1,32,29,0,8.0,5.333333333333333,4.0,4.142857142857143,3.3
63,20210610,18,1,16,5.0,1.1379310344827587,3.0,5.5,1,2,33,29,0,9.0,7.333333333333333,5.4,4.714285714285714,4.1
64,20210612,18,1,20,7.0,1.1,3.0,6.0,0,-1,33,30,0,5.0,7.333333333333333,6.0,4.857142857142857,4.4
65,20210613,18,1,20,0.0,1.064516129032258,3.0,7.5,0,-2,33,31,0,7.0,7.0,6.8,5.571428571428571,5.0
66,20210615,18,1,28,6.0,1.03125,4.0,8.5,1,-3,33,32,0,0.0,4.0,5.8,5.285714285714286,4.5
67,20210616,18,1,28,3.0,1.0625,3.0,8.0,1,1,34,32,0,6.0,4.333333333333333,5.4,5.714285714285714,4.7
68,20210617,18,1,28,8.0,1.09375,3.0,7.0,1,2,35,32,0,3.0,3.0,4.2,5.428571428571429,4.8
69,20210618,18,0,19,3.0,1.125,3.0,6.0,1,3,36,32,0,8.0,5.666666666666667,4.8,5.428571428571429,5.4
70,20210619,18,0,19,7.0,1.0909090909090908,3.0,6.0,0,-1,36,33,0,3.0,4.666666666666667,4.0,4.571428571428571,5.4
71,20210620,18,0,19,2.0,1.121212121212121,3.0,5.5,0,1,37,33,0,7.0,6.0,5.4,4.857142857142857,5.6
72,20210622,18,0,11,5.0,1.1515151515151516,3.0,4.5,1,2,38,33,0,2.0,4.0,4.6,4.142857142857143,5.0
73,20210623,18,0,11,6.0,1.1176470588235294,3.0,5.5,1,-1,38,34,0,5.0,4.666666666666667,5.0,4.857142857142857,4.6
74,20210624,18,0,11,8.0,1.1470588235294117,3.0,4.5,0,1,39,34,0,6.0,4.333333333333333,4.6,4.857142857142857,4.7
75,20210625,18,1,3,3.0,1.1764705882352942,3.0,4.0,1,2,40,34,0,8.0,6.333333333333333,5.6,5.571428571428571,4.8
76,20210626,18,1,3,2.0,1.1428571428571428,3.0,5.0,1,-1,40,35,0,3.0,5.666666666666667,4.8,4.857142857142857,5.1
77,20210627,18,1,3,2.0,1.1111111111111112,3.0,6.0,0,-2,40,36,0,2.0,4.333333333333333,4.8,4.714285714285714,4.7
78,20210628,18,0,12,3.0,1.0810810810810811,4.0,6.5,1,-3,40,37,0,2.0,2.3333333333333335,4.2,4.0,4.6
79,20210629,18,0,12,11.0,1.0526315789473684,4.0,7.5,1,-4,40,38,0,3.0,2.3333333333333335,3.6,4.142857142857143,4.1
80,20210630,18,0,12,8.0,1.0789473684210527,4.0,7.5,1,1,41,38,0,11.0,5.333333333333333,4.2,5.0,4.9
81,20210703,18,0,17,3.0,1.0512820512820513,4.0,8.5,0,-1,41,39,0,8.0,7.333333333333333,5.2,5.285714285714286,5.0
82,20210704,18,0,17,5.0,1.025,4.0,9.5,0,-2,41,40,1,3.0,7.333333333333333,5.4,4.571428571428571,5.1
83,20210704,18,0,17,4.0,1.0,4.0,10.0,1,-3,41,41,1,5.0,5.333333333333333,6.0,4.857142857142857,5.1
84,20210706,18,1,23,12.0,1.024390243902439,4.0,10.0,1,1,42,41,0,4.0,4.0,6.2,5.142857142857143,4.9
85,20210707,18,1,23,5.0,1.048780487804878,4.0,9.5,1,2,43,41,0,12.0,7.0,6.4,6.571428571428571,5.3
86,20210708,18,1,23,0.0,1.0731707317073171,4.0,8.5,0,3,44,41,0,5.0,7.0,5.8,6.857142857142857,5.5
87,20210709,18,1,10,4.0,1.0476190476190477,4.0,9.0,1,-1,44,42,0,0.0,5.666666666666667,5.2,5.285714285714286,5.3
88,20210710,18,1,10,1.0,1.0714285714285714,3.0,9.0,1,1,45,42,0,4.0,3.0,5.0,4.714285714285714,5.5
89,20210711,18,1,10,7.0,1.0952380952380953,3.0,8.0,0,2,46,42,0,1.0,1.6666666666666667,4.4,4.428571428571429,5.3
90,20210716,18,0,3,0.0,1.069767441860465,3.0,8.0,1,-1,46,43,0,7.0,4.0,3.4,4.714285714285714,4.9
91,20210717,18,0,3,3.0,1.0454545454545454,4.0,9.0,1,-2,46,44,0,0.0,2.6666666666666665,2.4,4.142857142857143,4.1
92,20210718,18,0,3,9.0,1.0681818181818181,4.0,8.0,1,1,47,44,0,3.0,3.3333333333333335,3.0,2.857142857142857,4.1
93,20210720,18,0,20,6.0,1.0909090909090908,4.0,7.0,1,2,48,44,0,9.0,4.0,4.0,3.4285714285714284,4.5
94,20210721,18,0,20,6.0,1.1136363636363635,3.0,7.0,1,3,49,44,0,6.0,6.0,5.0,4.285714285714286,4.7
95,20210722,18,1,3,4.0,1.1363636363636365,3.0,7.0,1,4,50,44,0,6.0,7.0,4.8,4.571428571428571,4.1
96,20210723,18,1,3,2.0,1.1111111111111112,3.0,8.0,1,-1,50,45,0,4.0,5.333333333333333,5.6,5.0,4.0
97,20210724,18,1,3,4.0,1.0869565217391304,3.0,9.0,0,-2,50,46,0,2.0,4.0,5.4,4.285714285714286,4.2
98,20210725,18,1,3,4.0,1.108695652173913,3.0,8.0,0,1,51,46,0,4.0,3.3333333333333335,4.4,4.857142857142857,4.2
99,20210727,18,1,26,4.0,1.0851063829787233,3.0,9.0,1,-1,51,47,0,4.0,3.3333333333333335,4.0,5.0,4.5
100,20210728,18,1,26,3.0,1.1063829787234043,3.0,9.0,1,1,52,47,0,4.0,4.0,3.6,4.285714285714286,4.2
101,20210729,18,1,26,0.0,1.127659574468085,3.0,8.5,0,2,53,47,0,3.0,3.6666666666666665,3.4,3.857142857142857,4.5
102,20210730,18,1,14,3.0,1.1041666666666667,3.0,8.5,1,-1,53,48,0,0.0,2.3333333333333335,3.0,3.0,4.2
103,20210731,18,1,14,4.0,1.125,3.0,7.5,1,1,54,48,0,3.0,2.0,2.8,2.857142857142857,3.6
104,20210801,18,1,14,3.0,1.1458333333333333,3.0,7.0,0,2,55,48,0,4.0,2.3333333333333335,2.8,3.142857142857143,3.4
105,20210802,18,0,2,1.0,1.1666666666666667,3.0,7.0,1,3,56,48,0,3.0,3.3333333333333335,2.6,3.0,3.1
106,20210803,18,0,2,13.0,1.1428571428571428,3.0,7.0,1,-1,56,49,0,1.0,2.6666666666666665,2.2,2.5714285714285716,2.8
107,20210804,18,0,2,10.0,1.163265306122449,3.0,6.0,1,1,57,49,0,13.0,5.666666666666667,4.8,3.857142857142857,3.9
108,20210805,18,0,23,5.0,1.183673469387755,3.0,6.0,1,2,58,49,0,10.0,8.0,6.2,4.857142857142857,4.5
109,20210806,18,0,23,3.0,1.2040816326530612,3.0,5.5,1,3,59,49,0,5.0,9.333333333333334,6.4,5.571428571428571,4.6
110,20210807,18,0,23,5.0,1.2244897959183674,3.0,5.5,0,4,60,49,0,3.0,6.0,6.4,5.571428571428571,4.5
111,20210808,18,0,23,0.0,1.2448979591836735,3.0,5.5,0,5,61,49,0,5.0,4.333333333333333,7.2,5.714285714285714,4.7
112,20210809,18,1,11,8.0,1.22,3.0,6.5,1,-1,61,50,0,0.0,2.6666666666666665,4.6,5.285714285714286,4.7
113,20210810,18,1,11,4.0,1.24,3.0,6.0,1,1,62,50,0,8.0,4.333333333333333,4.2,6.285714285714286,5.2
114,20210811,18,1,11,5.0,1.2156862745098038,3.0,7.0,0,-1,62,51,0,4.0,4.0,4.0,5.0,5.2
115,20210812,18,1,5,8.0,1.2352941176470589,3.0,6.0,1,1,63,51,0,5.0,5.666666666666667,4.4,4.285714285714286,5.4
116,20210814,18,1,5,7.0,1.2115384615384615,3.0,7.0,1,-1,63,52,0,8.0,5.666666666666667,5.0,4.714285714285714,6.1
117,20210815,18,1,5,5.0,1.2307692307692308,3.0,6.5,0,1,64,52,0,7.0,6.666666666666667,6.4,5.285714285714286,5.5
118,20210816,18,0,12,2.0,1.25,3.0,5.5,1,2,65,52,0,5.0,6.666666666666667,5.8,5.285714285714286,5.0
119,20210817,18,0,3,5.0,1.2692307692307692,3.0,5.5,0,3,66,52,1,2.0,4.666666666666667,5.4,5.571428571428571,4.7
120,20210817,18,0,3,2.0,1.2884615384615385,2.0,5.0,1,4,67,52,1,5.0,4.0,5.4,5.142857142857143,4.9
121,20210818,18,0,3,5.0,1.3076923076923077,2.0,5.0,1,5,68,52,0,2.0,3.0,4.2,4.857142857142857,4.6
122,20210819,18,0,16,7.0,1.3269230769230769,2.0,5.0,1,6,69,52,0,5.0,4.0,3.8,4.857142857142857,5.1
123,20210820,18,0,16,10.0,1.3461538461538463,2.0,5.0,1,7,70,52,0,7.0,4.666666666666667,4.2,4.714285714285714,5.0
124,20210821,18,0,16,7.0,1.3653846153846154,2.0,4.0,0,8,71,52,0,10.0,7.333333333333333,5.8,5.142857142857143,5.6
125,20210823,18,1,1,5.0,1.3846153846153846,2.0,4.0,1,9,72,52,0,7.0,8.0,6.2,5.428571428571429,5.8
126,20210824,18,1,1,5.0,1.4038461538461537,2.0,4.0,1,10,73,52,0,5.0,7.333333333333333,6.8,5.857142857142857,5.5
127,20210826,18,1,19,7.0,1.4230769230769231,2.0,4.0,1,11,74,52,0,5.0,5.666666666666667,6.8,5.857142857142857,5.3
128,20210827,18,1,19,8.0,1.4423076923076923,2.0,4.0,1,12,75,52,0,7.0,5.666666666666667,6.8,6.571428571428571,5.5
129,20210828,18,1,19,2.0,1.4615384615384615,2.0,4.0,0,13,76,52,0,8.0,6.666666666666667,6.4,7.0,6.1
130,20210829,18,1,19,1.0,1.4339622641509433,2.0,5.0,0,-1,76,53,0,2.0,5.666666666666667,5.4,6.285714285714286,5.8
131,20210830,18,1,12,7.0,1.4074074074074074,2.0,6.0,1,-2,76,54,0,1.0,3.6666666666666665,4.6,5.0,5.7
132,20210831,18,1,12,4.0,1.3818181818181818,2.0,7.0,1,-3,76,55,0,7.0,3.3333333333333335,5.0,5.0,5.9
133,20210901,18,1,12,4.0,1.3571428571428572,2.0,8.0,0,-4,76,56,0,4.0,4.0,4.4,4.857142857142857,5.6
134,20210903,18,0,2,4.0,1.375,2.0,7.0,1,1,77,56,0,4.0,5.0,3.6,4.714285714285714,5.0
135,20210904,18,0,2,3.0,1.3928571428571428,2.0,6.5,0,2,78,56,0,4.0,4.0,4.0,4.285714285714286,4.7
136,20210905,18,0,2,7.0,1.368421052631579,2.0,7.5,0,-1,78,57,0,3.0,3.6666666666666665,4.4,3.5714285714285716,4.5
137,20210906,18,0,28,0.0,1.3448275862068966,2.0,7.5,0,-2,78,58,0,7.0,4.666666666666667,4.4,4.285714285714286,4.7
138,20210907,18,0,28,1.0,1.3220338983050848,2.0,8.5,1,-3,78,59,0,0.0,3.3333333333333335,3.6,4.142857142857143,4.0
139,20210908,18,0,28,3.0,1.3,2.0,9.5,1,-4,78,60,0,1.0,2.6666666666666665,3.0,3.2857142857142856,3.3
140,20210909,18,0,28,4.0,1.278688524590164,3.0,9.5,1,-5,78,61,0,3.0,1.3333333333333333,2.8,3.142857142857143,3.4
141,20210910,18,1,17,3.0,1.2580645161290323,3.0,10.0,1,-6,78,62,0,4.0,2.6666666666666665,3.0,3.142857142857143,3.7
142,20210911,18,1,17,8.0,1.2380952380952381,3.0,10.0,1,-7,78,63,0,3.0,3.3333333333333335,2.2,3.0,3.3
143,20210912,18,1,17,6.0,1.253968253968254,3.0,10.0,1,1,79,63,0,8.0,5.0,3.8,3.7142857142857144,3.7
144,20210913,18,0,16,6.0,1.234375,4.0,10.0,0,-1,79,64,0,6.0,5.666666666666667,4.8,3.5714285714285716,3.9
145,20210914,18,1,2,7.0,1.25,3.0,9.0,1,1,80,64,0,6.0,6.666666666666667,5.4,4.428571428571429,4.1
146,20210915,18,1,2,4.0,1.265625,2.0,9.0,1,2,81,64,0,7.0,6.333333333333333,6.0,5.285714285714286,4.5
147,20210916,18,1,2,2.0,1.28125,2.0,8.0,1,3,82,64,0,4.0,5.666666666666667,6.2,5.428571428571429,4.2
148,20210917,18,0,7,8.0,1.2615384615384615,4.0,9.0,1,-1,82,65,0,2.0,4.333333333333333,5.0,5.142857142857143,4.4
149,20210918,18,0,7,3.0,1.2769230769230768,3.0,9.0,0,1,83,65,0,8.0,4.666666666666667,5.4,5.857142857142857,5.1
150,20210919,18,0,7,1.0,1.2575757575757576,4.0,9.0,0,-1,83,66,0,3.0,4.333333333333333,4.8,5.142857142857143,5.1
151,20210920,18,0,27,4.0,1.2388059701492538,4.0,9.0,1,-2,83,67,0,1.0,4.0,3.6,4.428571428571429,4.8
152,20210921,18,0,27,7.0,1.2537313432835822,4.0,9.0,1,1,84,67,0,4.0,2.6666666666666665,3.6,4.142857142857143,4.9
153,20210922,18,0,27,7.0,1.2686567164179106,4.0,8.0,1,2,85,67,0,7.0,4.0,4.6,4.142857142857143,4.8
154,20210924,18,1,3,8.0,1.2835820895522387,3.0,8.0,1,3,86,67,0,7.0,6.0,4.4,4.571428571428571,4.9
155,20210925,18,1,3,5.0,1.2985074626865671,3.0,8.0,0,4,87,67,0,8.0,7.333333333333333,5.4,5.428571428571429,5.1
156,20210926,18,1,3,6.0,1.3134328358208955,2.0,8.0,1,5,88,67,0,5.0,6.666666666666667,6.2,5.0,4.9
157,20210928,18,1,28,7.0,1.328358208955224,2.0,8.0,1,6,89,67,0,6.0,6.333333333333333,6.6,5.428571428571429,5.1
158,20210929,18,1,28,5.0,1.3432835820895523,2.0,7.0,1,7,90,67,0,7.0,6.0,6.6,6.285714285714286,5.6
159,20210930,18,1,28,6.0,1.3235294117647058,2.0,8.0,1,-1,90,68,0,5.0,6.0,6.2,6.428571428571429,5.3
160,20211001,18,0,26,3.0,1.338235294117647,2.0,7.0,1,1,91,68,0,6.0,6.0,5.8,6.285714285714286,5.6
161,20211002,18,0,26,2.0,1.318840579710145,2.0,8.0,0,-1,91,69,0,3.0,4.666666666666667,5.4,5.714285714285714,5.8
162,20211003,18,0,26,1.0,1.3,2.0,9.0,0,-2,91,70,0,2.0,3.6666666666666665,4.6,4.857142857142857,5.6
